ID,Job Title,Email Address,FirstName LastName,State,City,adress
1,Associate Professor,Stella_Parker1317@hourpy.biz,Stella Parker,Florida,Long Beach,"Egerton  Street, 9680"
2,Software Engineer,Maxwell_Gibson3952@deons.tech,Maxwell Gibson,Alaska,Milwaukee,"Charterhouse  Drive, 4787"
3,Stockbroker,Kamila_Needham4744@muall.tech,Kamila Needham,Washington,Santa Ana,"Carnegie   Rue, 8985"
4,Laboratory Technician,Logan_Stuart4169@brety.org,Logan Stuart,Montana,Pittsburgh,"Cingworth  Street, 3205"
5,Cook,Bryon_Styles1683@typill.biz,Bryon Styles,New Hampshire,Irving,"Blendon    Grove, 3110"
6,Healthcare Specialist,Rachael_Quinnell2451@acrit.org,Rachael Quinnell,Nebraska,Bakersfield,"Blackwall  Way, 2999"
7,Baker,Gil_Tyler9278@nickia.com,Gil Tyler,Minnesota,Miami,"Wadham  Road, 2468"
8,Design Engineer,Cara_Nash9087@irrepsy.com,Cara Nash,Indiana,Louisville,"Ben   Road, 4407"
9,Food Technologist,Mara_Pratt3792@irrepsy.com,Mara Pratt,Washington,Detroit,"Edwin   Lane, 7054"
10,Mobile Developer,Anthony_Young3543@guentu.biz,Anthony Young,South Carolina,Tulsa,"Clarks  Hill, 2924"
11,Production Painter,Mike_Lane6900@kideod.biz,Mike Lane,New Hampshire,Phoenix,"Queen Rue, 2811"
12,Health Educator,Gil_Ingham5941@twipet.com,Gil Ingham,Colorado,Albuquerque,"Adams  Street, 3252"
13,Restaurant Manager,Liliana_Ross4070@sveldo.biz,Liliana Ross,Georgia,Reno,"Charnwood   Walk, 8622"
14,Business Broker,Mayleen_Lloyd4996@naiker.biz,Mayleen Lloyd,Louisiana,Milano,"Garfield Road, 121"
15,HR Specialist,George_Hobbs8558@twipet.com,George Hobbs,Indiana,Honolulu,"Elia   Hill, 1062"
16,Software Engineer,Martin_Vinton921@famism.biz,Martin Vinton,Virginia,Fort Lauderdale,"Elizabeth  Boulevard, 4601"
17,Machine Operator,Doug_Baxter488@naiker.biz,Doug Baxter,Alabama,Berna,"Magnolia Road, 2950"
18,Investment  Advisor,Oliver_Quinton9742@jiman.org,Oliver Quinton,Washington,Garland,"Andsell    Crossroad, 3140"
19,Mobile Developer,Regina_Daniells2310@nimogy.biz,Regina Daniells,Texas,Jersey City,"Jackson Crossroad, 6967"
20,Accountant,Alexander_Gaynor635@eirey.tech,Alexander Gaynor,Tennessee,Lisbon,"Enford   Road, 789"
21,Assistant Buyer,Jacob_Atkinson482@dionrab.com,Jacob Atkinson,North Carolina,New York,"Blackall   Crossroad, 6137"
22,Restaurant Manager,Luke_Warden1335@grannar.com,Luke Warden,Wyoming,Otawa,"Tilloch   Road, 4439"
23,Treasurer,Jayden_Jennson5025@tonsy.org,Jayden Jennson,North Carolina,Sacramento,"Norland  Boulevard, 3083"
24,Healthcare Specialist,Ada_Randall5714@muall.tech,Ada Randall,South Dakota,Arlington,"Aylward   Drive, 8685"
25,Inspector,Angel_Lindsay3203@sveldo.biz,Angel Lindsay,Arkansas,San Bernardino,"Edwin   Pass, 707"
26,Physician,Ryan_Shepherd8345@gompie.com,Ryan Shepherd,Louisiana,New York,"Canon Route, 2999"
27,Software Engineer,Tony_Andrews5962@extex.org,Tony Andrews,Georgia,Lisbon,"Cedarne  Lane, 4810"
28,CNC Operator,Jennifer_Buckley4449@zorer.org,Jennifer Buckley,Oklahoma,Worcester,"Caldwell   Avenue, 6014"
29,IT Support Staff,Hayden_Horton2015@typill.biz,Hayden Horton,Missouri,Chicago,"Clavell   Pass, 5019"
30,HR Coordinator,Lynn_Dixon9108@cispeto.com,Lynn Dixon,Arkansas,Long Beach,"Bendmore  Rue, 1815"
31,Steward,Harry_Rodgers3006@sveldo.biz,Harry Rodgers,Nevada,Lisbon,"Shepherds  Pass, 8178"
32,Doctor,Carol_Simpson6308@naiker.biz,Carol Simpson,South Carolina,Berlin,"Bellenden  Rue, 7518"
33,Audiologist,Victoria_Allen5207@infotech44.tech,Victoria Allen,New Hampshire,Madison,"Burton  Rue, 9296"
34,Laboratory Technician,Abdul_Rycroft1705@cispeto.com,Abdul Rycroft,North Carolina,Scottsdale,"Dunstable   Alley, 7428"
35,Chef Manager,Hayden_Ebden3638@guentu.biz,Hayden Ebden,Maine,Lancaster,"Queen Vale, 5051"
36,Doctor,Chester_Price7895@mafthy.com,Chester Price,Hawaii,Sacramento,"Dunstable   Avenue, 1421"
37,Food Technologist,George_Fowler2635@vetan.org,George Fowler,Utah,Charlotte,"Lake Avenue, 6841"
38,Machine Operator,Payton_Heaton2721@vetan.org,Payton Heaton,New York,Richmond,"Emden   Walk, 8103"
39,Cook,Adeline_Moss5881@brety.org,Adeline Moss,Illinois,Bridgeport,"Enford   Crossroad, 2623"
40,Auditor,Eve_Walter5831@iatim.tech,Eve Walter,South Carolina,Louisville,"Lake Vale, 181"
41,Steward,Tyson_Styles684@ubusive.com,Tyson Styles,Delaware,Laredo,"Cedarne  Walk, 3583"
42,Investment  Advisor,Sabrina_Graves523@yahoo.com,Sabrina Graves,New York,Rome,"Kingly  Drive, 8049"
43,Restaurant Manager,Percy_Santos5821@yahoo.com,Percy Santos,Alabama,Berna,"Virginia Walk, 6619"
44,Biologist,Alessia_Dubois232@muall.tech,Alessia Dubois,North Dakota,Washington,"Cheltenham  Crossroad, 4447"
45,Web Developer,Adeline_Atkinson3468@gompie.com,Adeline Atkinson,New Jersey,Huntsville,"Queen Caroline   Crossroad, 631"
46,Doctor,John_Bradshaw1460@bauros.biz,John Bradshaw,Maine,Nashville,"Carlton  Hill, 5464"
47,Mobile Developer,Francesca_Healy2698@extex.org,Francesca Healy,Nebraska,Miami,"Rosewood Way, 9598"
48,Banker,Eduardo_Gray9236@nickia.com,Eduardo Gray,Iowa,Houston,"Emily  Route, 8366"
49,Cook,Peyton_Moreno5730@cispeto.com,Peyton Moreno,Delaware,Lyon,"Caedmon  Tunnel, 8771"
50,Laboratory Technician,Ronald_Ebden5631@twipet.com,Ronald Ebden,New Jersey,Salt Lake City,"Abbey   Walk, 4651"
51,Systems Administrator,Bryon_Sinclair7680@typill.biz,Bryon Sinclair,Tennessee,Lisbon,"Caslon   Tunnel, 1815"
52,Paramedic,Josh_Hopkins7607@elnee.tech,Josh Hopkins,Delaware,Henderson,"Chambers  Hill, 7018"
53,Healthcare Specialist,Erick_Mcgregor6747@sveldo.biz,Erick Mcgregor,North Carolina,Ontario,"Meadow Route, 157"
54,Baker,Mona_Swift544@brety.org,Mona Swift,Wisconsin,London,"Maple Grove, 6279"
55,Auditor,Carl_Jones95@womeona.net,Carl Jones,Virginia,Colorado Springs,"Bigland  Crossroad, 9097"
56,Investment  Advisor,Makenzie_Sherwood3995@atink.com,Makenzie Sherwood,Georgia,Milwaukee,"Cave   Road, 8091"
57,Executive Director,Rufus_Rodwell5839@gmail.com,Rufus Rodwell,Montana,Anaheim,"Geary   Hill, 2693"
58,Systems Administrator,Emmanuelle_Victor3139@sveldo.biz,Emmanuelle Victor,New Mexico,Hayward,"Elgood   Avenue, 1875"
59,Banker,Ethan_Carter3405@ubusive.com,Ethan Carter,New Hampshire,San Bernardino,"King Rue, 5936"
60,Assistant Buyer,Isabel_Egerton8862@ovock.tech,Isabel Egerton,Oklahoma,Kansas City,"Capeners  Street, 3744"
61,Design Engineer,John_Samuel1608@hourpy.biz,John Samuel,Indiana,Worcester,"Cliff  Way, 3020"
62,Health Educator,Eden_Emmett4653@yahoo.com,Eden Emmett,Virginia,Memphis,"Balfour    Hill, 5860"
63,Business Broker,Maxwell_Clark4599@gembat.biz,Maxwell Clark,New York,Huntsville,"Baylis  Tunnel, 9743"
64,Bookkeeper,Denis_Harvey5246@nanoff.biz,Denis Harvey,Georgia,Indianapolis,"Marischal  Pass, 9919"
65,Executive Director,Sabrina_Squire9411@corti.com,Sabrina Squire,Alaska,Fullerton,"Bond Grove, 8285"
66,HR Specialist,Chester_Gardner3632@gmail.com,Chester Gardner,Utah,Ontario,"Rosewood Route, 400"
67,Webmaster,Kurt_Campbell6169@cispeto.com,Kurt Campbell,North Dakota,Cincinnati,"Kingly  Vale, 8356"
68,Global Logistics Supervisor,Erica_Stewart1704@jiman.org,Erica Stewart,Rhode Island,Fayetteville,"Ashley Tunnel, 5207"
69,Web Developer,Susan_Shields9044@typill.biz,Susan Shields,Wyoming,Salem,"Camdale  Pass, 6231"
70,Call Center Representative,Maya_Ingham8400@zorer.org,Maya Ingham,Pennsylvania,Honolulu,"Belmore  Vale, 6963"
71,Electrician,Tyson_Huggins5987@gembat.biz,Tyson Huggins,Hawaii,Fayetteville,"Thoresby   Alley, 7656"
72,Chef Manager,Oliver_Pope9277@vetan.org,Oliver Pope,Virginia,Omaha,"Sheringham   Walk, 893"
73,Health Educator,Hayden_Farrant6717@elnee.tech,Hayden Farrant,Minnesota,Cincinnati,"Anns  Road, 3912"
74,Audiologist,Chester_Pope7944@gembat.biz,Chester Pope,Ohio,St. Louis,"Apostle  Walk, 5301"
75,Laboratory Technician,David_Oatway5735@ovock.tech,David Oatway,Texas,Dallas,"Marina  Road, 9010"
76,CNC Operator,Agnes_Rees3661@womeona.net,Agnes Rees,New York,Huntsville,"Birkbeck  Pass, 7539"
77,Project Manager,Cara_Terry6611@typill.biz,Cara Terry,Connecticut,Columbus,"Apollo  Avenue, 2737"
78,Stockbroker,Madison_King7741@zorer.org,Madison King,Kansas,Norfolk,"Arline    Boulevard, 3552"
79,Systems Administrator,Maxwell_Collis5517@qater.org,Maxwell Collis,Indiana,Baltimore,"Virgil   Way, 8205"
80,Food Technologist,Ally_Kennedy4652@twipet.com,Ally Kennedy,Hawaii,Lancaster,"Elf  Tunnel, 3768"
81,Systems Administrator,Hank_Owen2417@bauros.biz,Hank Owen,Tennessee,Los Angeles,"Baylis  Drive, 4406"
82,Budget Analyst,Sylvia_Camden4156@eirey.tech,Sylvia Camden,Kansas,Laredo,"Abbey   Street, 6655"
83,Bellman,Sydney_Wren351@supunk.biz,Sydney Wren,Nevada,Milwaukee,"Blackheath  Street, 1131"
84,Ambulatory Nurse,Lucas_Lindsay548@vetan.org,Lucas Lindsay,South Dakota,Bellevue,"Canning  Route, 8509"
85,Retail Trainee,Emely_Becker5485@zorer.org,Emely Becker,New Jersey,Springfield,"Cable    Tunnel, 1958"
86,Chef Manager,Doris_Wallace1833@deavo.com,Doris Wallace,Virginia,Portland,"Balham   Crossroad, 2223"
87,IT Support Staff,Chuck_Nelson3586@gembat.biz,Chuck Nelson,Idaho,Milano,"Bacton   Hill, 2882"
88,Call Center Representative,Bob_Hopkins6699@qater.org,Bob Hopkins,Oregon,Zurich,"Paris   Boulevard, 8619"
89,Electrician,Chuck_Needham3126@elnee.tech,Chuck Needham,Massachussets,Huntsville,"Bicknell  Street, 105"
90,Budget Analyst,Robyn_Evans362@cispeto.com,Robyn Evans,New York,San Bernardino,"Union  Grove, 6245"
91,Loan Officer,Kassandra_Watson6291@famism.biz,Kassandra Watson,Illinois,Colorado Springs,"Woodland Vale, 9275"
92,Budget Analyst,Mark_Butler4728@guentu.biz,Mark Butler,California,New Orleans,"Kimberley  Walk, 1046"
93,Staffing Consultant,Aleksandra_King2792@typill.biz,Aleksandra King,Georgia,Lakewood,"Armory  Crossroad, 4351"
94,Associate Professor,Tyler_Cox1096@naiker.biz,Tyler Cox,Nevada,Rome,"Linda Lane Boulevard, 8698"
95,Insurance Broker,Aiden_Forth5000@yahoo.com,Aiden Forth,Montana,Oakland,"Gathorne   Avenue, 8403"
96,Chef Manager,William_Durrant1209@sheye.org,William Durrant,Montana,Jersey City,"North Boulevard, 630"
97,Healthcare Specialist,Bart_Emerson1156@sheye.org,Bart Emerson,Pennsylvania,Fremont,"Chapel  Walk, 7610"
98,Investment  Advisor,Alan_Raven1821@bretoux.com,Alan Raven,New York,Tallahassee,"Queensberry  Drive, 9066"
99,Loan Officer,Martin_Talbot8918@nickia.com,Martin Talbot,Minnesota,Venice,"Becklow  Route, 5732"
100,Ambulatory Nurse,Wade_Richardson201@bungar.biz,Wade Richardson,Mississippi,San Francisco,"Cam  Vale, 642"
101,Systems Administrator,Enoch_Parker1079@mafthy.com,Enoch Parker,Arizona,Prague,"Tilson  Vale, 929"
102,Stockbroker,Carissa_Broomfield7961@guentu.biz,Carissa Broomfield,South Dakota,Milano,"Fieldstone Road, 3864"
103,Business Broker,Felicity_Fox1285@twipet.com,Felicity Fox,Idaho,Orlando,"Bermondsey    Rue, 7454"
104,Front Desk Coordinator,Melanie_Simpson9063@gompie.com,Melanie Simpson,Michigan,Phoenix,"Jackson Rue, 4120"
105,Loan Officer,Lucas_Archer1736@twace.org,Lucas Archer,Hawaii,Phoenix,"Cheney  Pass, 513"
106,Global Logistics Supervisor,Carmella_Johnson3227@kideod.biz,Carmella Johnson,North Carolina,Bellevue,"Bazely   Route, 3906"
107,Audiologist,Lily_Cooper2488@extex.org,Lily Cooper,Missouri,Amarillo,"Fawn Drive, 7029"
108,Project Manager,Daniel_Richards1947@sveldo.biz,Daniel Richards,New Mexico,New Orleans,"Elf  Lane, 38"
109,Designer,Barney_Lane7643@eirey.tech,Barney Lane,Arkansas,Pittsburgh,"College  Grove, 289"
110,Doctor,Nancy_Miller1655@zorer.org,Nancy Miller,Massachussets,Worcester,"Armory  Drive, 559"
111,Steward,Adina_Snow9406@jiman.org,Adina Snow,Alabama,Reno,"Sundown Tunnel, 4682"
112,Laboratory Technician,Logan_Waterson3689@gembat.biz,Logan Waterson,Alabama,Detroit,"Coborn  Vale, 2483"
113,Front Desk Coordinator,Adelaide_Hammond219@ovock.tech,Adelaide Hammond,Idaho,Scottsdale,"English   Alley, 75"
114,Assistant Buyer,Angela_Vangness5356@bretoux.com,Angela Vangness,Nebraska,Portland,"Carlisle  Pass, 7418"
115,Webmaster,Alexander_Russell2550@cispeto.com,Alexander Russell,Kentucky,Reno,"Calvin   Drive, 9103"
116,Staffing Consultant,John_Summers5156@eirey.tech,John Summers,Nevada,Fort Lauderdale,"Enderby   Pass, 3883"
117,Operator,Liam_Tyrrell1209@nimogy.biz,Liam Tyrrell,Michigan,Lisbon,"Bazely   Road, 4875"
118,Fabricator,Laila_Rogers4300@nimogy.biz,Laila Rogers,North Dakota,San Bernardino,"Rail Alley, 653"
119,Physician,Clint_Mackenzie28@naiker.biz,Clint Mackenzie,Montana,Berlin,"Maple Rue, 9770"
120,Treasurer,Kieth_Vane3432@supunk.biz,Kieth Vane,Oregon,Richmond,"Elia   Pass, 9015"
121,Production Painter,Sage_Isaac9287@typill.biz,Sage Isaac,Utah,Wien,"Thomas More   Drive, 3042"
122,Staffing Consultant,Alma_Antcliff1469@nickia.com,Alma Antcliff,Maryland,Indianapolis,"Emily  Road, 8326"
123,Accountant,Eryn_Higgs7147@acrit.org,Eryn Higgs,New Jersey,San Antonio,"Cardinal Alley, 3521"
124,Global Logistics Supervisor,Emmanuelle_Broomfield6573@qater.org,Emmanuelle Broomfield,Maryland,Pittsburgh,"Bective  Route, 239"
125,Designer,Emely_Hope9449@liret.org,Emely Hope,New Hampshire,London,"Arundel   Route, 8944"
126,Machine Operator,Erick_Horton3327@deons.tech,Erick Horton,Alabama,London,"Colombo   Boulevard, 1955"
127,Bellman,Mason_Ingham2993@yahoo.com,Mason Ingham,Nevada,Irving,"Under  Alley, 4270"
128,Treasurer,Dorothy_Coleman3989@joiniaa.com,Dorothy Coleman,New Mexico,Indianapolis,"Ashley Hill, 9579"
129,Stockbroker,Ethan_Brett6924@womeona.net,Ethan Brett,South Dakota,Portland,"Charterhouse  Drive, 7293"
130,HR Coordinator,Peter_Funnell4462@bungar.biz,Peter Funnell,Pennsylvania,Madison,"Bennett  Walk, 8267"
131,Operator,Kieth_Kennedy2412@nimogy.biz,Kieth Kennedy,New Mexico,Huntsville,"Linda Lane Road, 6241"
132,IT Support Staff,Alexander_Anderson2521@ubusive.com,Alexander Anderson,Illinois,Bucharest,"Fairbairn  Avenue, 4635"
133,Staffing Consultant,Johnny_James7451@infotech44.tech,Johnny James,Wisconsin,Ontario,"Chandos  Rue, 1917"
134,Front Desk Coordinator,Dalia_Cox9376@twipet.com,Dalia Cox,Ohio,Seattle,"Earl Rise Drive, 7115"
135,Budget Analyst,Kate_Calderwood1272@nimogy.biz,Kate Calderwood,Connecticut,Toledo,"Thomas Doyle   Drive, 3225"
136,Assistant Buyer,Emely_Kaur6273@ovock.tech,Emely Kaur,New York,Louisville,"Beaconsfield  Street, 9226"
137,Machine Operator,Ruby_Grady1965@supunk.biz,Ruby Grady,Arkansas,Lisbon,"Elgood   Crossroad, 5078"
138,Systems Administrator,Abdul_Ross9232@hourpy.biz,Abdul Ross,Nebraska,Wien,"Cliffords  Crossroad, 2275"
139,Design Engineer,Danielle_Cameron5065@muall.tech,Danielle Cameron,Rhode Island,Lakewood,"Meadow Road, 4983"
140,Chef Manager,Stacy_White1384@corti.com,Stacy White,Tennessee,Bucharest,"College  Hill, 4534"
141,Healthcare Specialist,Fred_Jackson291@yahoo.com,Fred Jackson,South Dakota,Columbus,"Bigland  Avenue, 949"
142,Cashier,Marvin_Rycroft6455@guentu.biz,Marvin Rycroft,Indiana,Quebec,"Parkgate  Rue, 4770"
143,HR Specialist,Jennifer_Holt5832@nimogy.biz,Jennifer Holt,Delaware,Springfield,"Champion  Drive, 6973"
144,Stockbroker,Nate_Whatson8387@iatim.tech,Nate Whatson,North Carolina,Boston,"Collins  Vale, 7"
145,Cook,Ramon_Harrison7717@qater.org,Ramon Harrison,Texas,San Diego,"Amwell    Drive, 8000"
146,Design Engineer,Tess_Turner7222@kideod.biz,Tess Turner,Ohio,Arlington,"Thorndike   Walk, 1170"
147,Design Engineer,Johnny_Wade8101@famism.biz,Johnny Wade,Mississippi,Lyon,"Bel   Road, 3123"
148,Design Engineer,Skylar_Hamilton3913@bungar.biz,Skylar Hamilton,New York,Phoenix,"Byland  Vale, 7294"
149,Systems Administrator,Kieth_Owens5087@bulaffy.com,Kieth Owens,Michigan,Jersey City,"Gate   Pass, 2268"
150,Cashier,Martin_Kerr7481@yahoo.com,Martin Kerr,South Carolina,Prague,"Waldram Park  Way, 7638"
151,Chef Manager,Sabina_Nelson3986@famism.biz,Sabina Nelson,Oregon,Colorado Springs,"Sheraton   Way, 9839"
152,Web Developer,Bob_Upton6764@womeona.net,Bob Upton,Nevada,Chicago,"Enderby   Rue, 5882"
153,Bookkeeper,Rufus_Cork5226@nanoff.biz,Rufus Cork,New Mexico,Las Vegas,"Camelot   Boulevard, 1131"
154,Dentist,Madelyn_Bell9974@cispeto.com,Madelyn Bell,New York,Kansas City,"Queen Drive, 6238"
155,Stockbroker,Alessia_Morley7197@acrit.org,Alessia Morley,Wyoming,Detroit,"Bel   Avenue, 767"
156,Assistant Buyer,Andrea_Chester7114@womeona.net,Andrea Chester,Alabama,Long Beach,"Apollo  Vale, 6787"
157,Systems Administrator,Russel_Darcy9102@womeona.net,Russel Darcy,Illinois,Bucharest,"Kimberley  Vale, 6293"
158,Web Developer,Cynthia_Graves1840@kideod.biz,Cynthia Graves,Arkansas,Baltimore,"Carlton  Drive, 6022"
159,Banker,Hayden_Eastwood9959@naiker.biz,Hayden Eastwood,Massachussets,Minneapolis,"Canon Vale, 4485"
160,IT Support Staff,Mason_Eyres2690@kideod.biz,Mason Eyres,Tennessee,Berna,"Cheltenham  Way, 9554"
161,Call Center Representative,Lucas_Phillips4762@acrit.org,Lucas Phillips,Vermont,Innsbruck,"Abbey   Way, 7244"
162,IT Support Staff,Clint_Rogers7408@grannar.com,Clint Rogers,Montana,Tokyo,"Comet House  Lane, 4651"
163,Cash Manager,Rebecca_Purvis3016@tonsy.org,Rebecca Purvis,Colorado,Laredo,"Yoakley Way, 9917"
164,Audiologist,Wade_Stewart6751@ubusive.com,Wade Stewart,West Virginia,Huntsville,"Abbey   Vale, 8593"
165,Executive Director,Valerie_Mcgregor6818@deavo.com,Valerie Mcgregor,Arkansas,San Bernardino,"Lincoln Road, 676"
166,HR Specialist,Cecilia_Uttley9061@famism.biz,Cecilia Uttley,Washington,Saint Paul,"Chancellor  Grove, 1290"
167,Steward,Leilani_Thornton9764@zorer.org,Leilani Thornton,Arizona,Berna,"Under  Lane, 2935"
168,Business Broker,Marjorie_Shepherd9327@cispeto.com,Marjorie Shepherd,Hawaii,Toledo,"Arthur  Tunnel, 9407"
169,Health Educator,Vanessa_Edley5729@joiniaa.com,Vanessa Edley,Michigan,Reno,"Walnut Boulevard, 4089"
170,Loan Officer,David_Lewis3242@brety.org,David Lewis,Washington,Worcester,"Durweston   Grove, 1712"
171,Doctor,Kieth_Cooper5362@sveldo.biz,Kieth Cooper,South Carolina,Sacramento,"Thrale   Vale, 8510"
172,Treasurer,Carmella_Lyon3260@twipet.com,Carmella Lyon,Alabama,El Paso,"Ellerman   Avenue, 9424"
173,Dentist,Harry_Vinton6368@tonsy.org,Harry Vinton,Utah,Philadelphia,"Buttonwood Route, 5161"
174,Software Engineer,Kieth_Davies9919@zorer.org,Kieth Davies,Indiana,Bucharest,"Collent   Way, 2461"
175,Steward,Adalind_Welsch1928@joiniaa.com,Adalind Welsch,Hawaii,Reno,"Chambers  Avenue, 6686"
176,Paramedic,Carter_Willis2669@irrepsy.com,Carter Willis,Georgia,Miami,"Thomas Doyle   Grove, 4515"
177,Electrician,Marie_Vass6734@bretoux.com,Marie Vass,North Carolina,Berna,"Magnolia Walk, 3277"
178,Paramedic,Emely_Cobb93@extex.org,Emely Cobb,Mississippi,Amarillo,"Kinglake  Route, 49"
179,Service Supervisor,Sage_Maxwell84@vetan.org,Sage Maxwell,Ohio,Orlando,"Ashley Pass, 7956"
180,Bookkeeper,Benjamin_Gardner564@brety.org,Benjamin Gardner,Tennessee,Los Angeles,"St. Johs  Way, 8976"
181,Insurance Broker,Makenzie_Osmond2970@irrepsy.com,Makenzie Osmond,Michigan,Sacramento,"Cliff  Grove, 450"
182,Retail Trainee,Leah_Benson9501@twipet.com,Leah Benson,New Hampshire,Chicago,"Dunstans  Avenue, 5847"
183,Laboratory Technician,Julian_Isaac3890@bungar.biz,Julian Isaac,North Dakota,Nashville,"Cam  Crossroad, 4092"
184,Ambulatory Nurse,Jacob_Paterson5298@bretoux.com,Jacob Paterson,New York,Charlotte,"Collins  Walk, 3441"
185,IT Support Staff,Francesca_John467@naiker.biz,Francesca John,Delaware,San Francisco,"Rivervalley Vale, 4017"
186,Chef Manager,Carter_Bingham9522@dionrab.com,Carter Bingham,West Virginia,Scottsdale,"Collins  Street, 1855"
187,Software Engineer,Joseph_Chapman2828@sheye.org,Joseph Chapman,Oregon,Bucharest,"Enford   Crossroad, 7747"
188,Chef Manager,Sasha_Walker9156@guentu.biz,Sasha Walker,Iowa,Hollywood,"Eldon  Walk, 2650"
189,Staffing Consultant,Adalie_Baldwin7802@gmail.com,Adalie Baldwin,Vermont,St. Louis,"Adams  Street, 1601"
190,Budget Analyst,Sydney_Sherwood4119@corti.com,Sydney Sherwood,Idaho,St. Louis,"Bolingbroke  Way, 5243"
191,IT Support Staff,Camila_Patel171@nanoff.biz,Camila Patel,Kentucky,St. Louis,"Durham Tunnel, 3880"
192,Staffing Consultant,Jessica_Walter5421@extex.org,Jessica Walter,New Jersey,Scottsdale,"Fieldstone Crossroad, 5828"
193,Auditor,Tess_Crawford2017@irrepsy.com,Tess Crawford,Louisiana,Louisville,"Bacon  Pass, 6527"
194,Ambulatory Nurse,Melinda_Little2951@acrit.org,Melinda Little,Virginia,Worcester,"Collent   Hill, 8842"
195,Loan Officer,Leroy_Yang7214@ovock.tech,Leroy Yang,Montana,Columbus,"Bayberry Route, 6781"
196,Call Center Representative,Rosie_Healy8361@infotech44.tech,Rosie Healy,Virginia,Oklahoma City,"Clavell   Rue, 6603"
197,Service Supervisor,Liam_Clifford2981@nimogy.biz,Liam Clifford,Pennsylvania,Long Beach,"Abourne   Alley, 230"
198,Systems Administrator,Stephanie_Ward7475@bauros.biz,Stephanie Ward,Nebraska,Glendale,"Kinglake  Tunnel, 2661"
199,Service Supervisor,Juliet_Appleton5110@cispeto.com,Juliet Appleton,Iowa,Washington,"Clerkenwell Boulevard, 2145"
200,Banker,Domenic_Bailey5218@muall.tech,Domenic Bailey,Oklahoma,Memphis,"Garfield Pass, 5641"
201,Assistant Buyer,Mike_Cooper9131@gembat.biz,Mike Cooper,Wisconsin,Phoenix,"Meadow Rue, 4227"
202,Auditor,Payton_Devonport6342@nanoff.biz,Payton Devonport,Alaska,Tokyo,"Bletchley   Lane, 6748"
203,Accountant,Susan_Walsh1675@liret.org,Susan Walsh,Wyoming,Venice,"Calverley  Alley, 5258"
204,Design Engineer,Cherish_Boyle5021@mafthy.com,Cherish Boyle,North Dakota,Portland,"St. Johs  Drive, 5434"
205,Doctor,Aiden_Mcneill1762@yahoo.com,Aiden Mcneill,South Carolina,Louisville,"Chicksand  Grove, 6730"
206,Food Technologist,Rosalyn_Furnell3865@famism.biz,Rosalyn Furnell,Arizona,Atlanta,"Camelot   Lane, 3445"
207,Webmaster,Caydence_Norman7597@nickia.com,Caydence Norman,Virginia,Norfolk,"Gautrey  Boulevard, 6999"
208,Healthcare Specialist,Teagan_Murray6057@famism.biz,Teagan Murray,California,Salem,"Cato   Drive, 1067"
209,Webmaster,Daphne_Goodman3265@gembat.biz,Daphne Goodman,Connecticut,San Diego,"Endsleigh  Hill, 6142"
210,Bellman,Ellen_Underhill9802@jiman.org,Ellen Underhill,Connecticut,Laredo,"Black Friars   Lane, 3290"
211,Treasurer,Natalie_Styles3505@kideod.biz,Natalie Styles,Utah,Zurich,"Clarks  Way, 3811"
212,Systems Administrator,Chester_London3491@acrit.org,Chester London,Connecticut,Venice,"Sherwood  Boulevard, 1525"
213,Lecturer,Ryan_Wren7146@dionrab.com,Ryan Wren,Oklahoma,Rochester,"Oxford Walk, 1847"
214,Baker,Karla_Kelly7602@qater.org,Karla Kelly,Montana,Long Beach,"Paris   Boulevard, 111"
215,Banker,Macy_Thorne9483@bulaffy.com,Macy Thorne,New Jersey,Fort Lauderdale,"Balham   Drive, 322"
216,Investment  Advisor,Harry_Grady2920@brety.org,Harry Grady,California,Orlando,"Besson  Grove, 5597"
217,Health Educator,Enoch_Groves1192@mafthy.com,Enoch Groves,Wyoming,Seattle,"Canning  Way, 8020"
218,Healthcare Specialist,Martin_Rose9789@twace.org,Martin Rose,Ohio,Atlanta,"Heritage Way, 2076"
219,Health Educator,Savannah_Noon7719@gompie.com,Savannah Noon,Alaska,Rochester,"Central  Boulevard, 5641"
220,Project Manager,Courtney_Roth2690@naiker.biz,Courtney Roth,Missouri,Fullerton,"Waldram Park  Route, 4342"
221,Assistant Buyer,Aisha_Cox4166@bauros.biz,Aisha Cox,Rhode Island,Milano,"Rosewood Grove, 9322"
222,Project Manager,Paige_Norton4847@typill.biz,Paige Norton,West Virginia,Oklahoma City,"Fieldstone Route, 4581"
223,Webmaster,Logan_Forth166@qater.org,Logan Forth,Wyoming,San Jose,"Bolingbroke  Walk, 8400"
224,Doctor,Lucas_Holt4155@atink.com,Lucas Holt,Missouri,Laredo,"Ely  Crossroad, 1407"
225,Front Desk Coordinator,Boris_Russell6911@bretoux.com,Boris Russell,Iowa,Minneapolis,"Emily  Drive, 756"
226,Assistant Buyer,Harvey_Whitmore3206@brety.org,Harvey Whitmore,Wyoming,Nashville,"Ernest  Route, 1332"
227,Laboratory Technician,Leah_Lowe1776@joiniaa.com,Leah Lowe,Florida,San Jose,"Capeners  Way, 6208"
228,Executive Director,Alan_Avery4250@nanoff.biz,Alan Avery,Alabama,Salt Lake City,"Longleigh   Avenue, 8907"
229,Webmaster,Julius_Roberts6461@hourpy.biz,Julius Roberts,New Hampshire,Lyon,"Colombo   Pass, 7859"
230,Staffing Consultant,Liliana_Parsons5135@twace.org,Liliana Parsons,Oklahoma,El Paso,"Littlebury  Rue, 4694"
231,Paramedic,Lucy_Buckley9575@bretoux.com,Lucy Buckley,North Carolina,Berna,"Calvin   Way, 6532"
232,Healthcare Specialist,Owen_Palmer6866@bauros.biz,Owen Palmer,Tennessee,Lisbon,"Canon Vale, 8927"
233,Food Technologist,Lauren_Yates9807@muall.tech,Lauren Yates,Kentucky,Salem,"Amwell    Hill, 1864"
234,Health Educator,Norah_Jones1122@zorer.org,Norah Jones,North Dakota,Lyon,"Rosewood Pass, 1580"
235,Mobile Developer,Noemi_Pond198@kideod.biz,Noemi Pond,Minnesota,Jersey City,"Monroe Avenue, 3074"
236,Treasurer,Tony_Rigg2056@ubusive.com,Tony Rigg,Pennsylvania,Oakland,"Berry  Walk, 922"
237,HR Coordinator,Megan_Button3255@muall.tech,Megan Button,Maryland,Venice,"Chestnut Rise Vale, 1620"
238,Inspector,Elijah_Gordon1803@iatim.tech,Elijah Gordon,Iowa,Bakersfield,"Elba  Rue, 7152"
239,Web Developer,Angela_Brooks3152@nickia.com,Angela Brooks,Texas,Irving,"Zealand Drive, 3762"
240,Insurance Broker,Chad_Mcneill3379@twace.org,Chad Mcneill,New York,Chicago,"Sherwood  Tunnel, 1478"
241,Auditor,Ethan_Higgs7902@atink.com,Ethan Higgs,South Carolina,Louisville,"Bendall   Street, 4268"
242,Stockbroker,Bart_Wright994@ubusive.com,Bart Wright,Arkansas,Kansas City,"Sheffield Crossroad, 2008"
243,HR Specialist,Chad_Mackenzie6190@twipet.com,Chad Mackenzie,Wyoming,Lancaster,"Angel  Pass, 4632"
244,Restaurant Manager,Roger_Hardwick7192@zorer.org,Roger Hardwick,West Virginia,Fullerton,"Blandford  Tunnel, 1937"
245,Executive Director,Tiffany_Donnelly6546@yahoo.com,Tiffany Donnelly,California,Madrid,"Arline    Rue, 2830"
246,Ambulatory Nurse,Javier_Reynolds8164@womeona.net,Javier Reynolds,Vermont,Memphis,"Ellerslie Alley, 7056"
247,Auditor,Leslie_Evans517@vetan.org,Leslie Evans,Utah,Columbus,"Carnegie   Drive, 9111"
248,Staffing Consultant,Dakota_Cox990@iatim.tech,Dakota Cox,California,Miami,"Champion  Drive, 7607"
249,Cashier,Johnathan_Lane5645@famism.biz,Johnathan Lane,North Dakota,New Orleans,"Carolina  Street, 1248"
250,Business Broker,Anne_Olivier571@infotech44.tech,Anne Olivier,Michigan,Laredo,"Queensberry  Alley, 2928"
251,Pharmacist,Angel_Drew4602@elnee.tech,Angel Drew,Louisiana,Salt Lake City,"Caldwell   Boulevard, 7235"
252,Investment  Advisor,Madelyn_Rowan1722@famism.biz,Madelyn Rowan,Wyoming,Rome,"Bishop   Route, 6821"
253,Electrician,Owen_Wood4665@mafthy.com,Owen Wood,Wyoming,New York,"Bellenden  Crossroad, 6521"
254,Baker,Martin_Bennett1518@mafthy.com,Martin Bennett,Colorado,Moreno Valley,"Cavendish Way, 7791"
255,Investment  Advisor,Julianna_Mccall1566@naiker.biz,Julianna Mccall,Wisconsin,Lyon,"Caldwell   Road, 9229"
256,Service Supervisor,Angela_Rehman8211@infotech44.tech,Angela Rehman,Kansas,Amarillo,"Timothy  Walk, 8769"
257,Auditor,Elijah_Newton9698@guentu.biz,Elijah Newton,Idaho,El Paso,"East Crossroad, 617"
258,Lecturer,Jacob_Poulton4118@elnee.tech,Jacob Poulton,New Hampshire,San Jose,"Magnolia Tunnel, 6012"
259,Laboratory Technician,Mike_Bennett3793@sheye.org,Mike Bennett,New Jersey,San Diego,"Clifton  Lane, 9866"
260,Dentist,Adeline_Cavanagh8952@hourpy.biz,Adeline Cavanagh,West Virginia,Berna,"Aspen Pass, 646"
261,Chef Manager,Luke_Gibson6396@grannar.com,Luke Gibson,Maryland,San Diego,"Sundown Tunnel, 6376"
262,Staffing Consultant,Henry_John7675@cispeto.com,Henry John,Louisiana,Rochester,"Hampden  Tunnel, 1485"
263,Baker,Mark_Chapman5570@womeona.net,Mark Chapman,Michigan,Colorado Springs,"Elf  Avenue, 8521"
264,Banker,Chadwick_Irwin9819@twace.org,Chadwick Irwin,California,Colorado Springs,"Jackson Way, 7378"
265,Staffing Consultant,Makenzie_Dubois4210@dionrab.com,Makenzie Dubois,Missouri,Irving,"Arundel   Road, 7824"
266,Food Technologist,Andie_Corbett37@extex.org,Andie Corbett,Virginia,Quebec,"Castile  Vale, 1266"
267,Laboratory Technician,Rachael_Farrow9778@womeona.net,Rachael Farrow,Colorado,Lincoln,"Boleyn  Tunnel, 5486"
268,Systems Administrator,Kurt_Norton7747@sveldo.biz,Kurt Norton,New York,Phoenix,"Elgood   Drive, 8473"
269,HR Coordinator,Mina_Osman8792@twace.org,Mina Osman,California,Tulsa,"Chatsworth  Alley, 5849"
270,Insurance Broker,Eduardo_Snell3084@deons.tech,Eduardo Snell,Idaho,Lyon,"Andsell    Road, 5192"
271,Healthcare Specialist,Lexi_Mills4259@gembat.biz,Lexi Mills,Minnesota,Murfreesboro,"Billing  Pass, 1531"
272,Mobile Developer,Alan_Collingwood2268@muall.tech,Alan Collingwood,Wisconsin,New York,"Arbutus   Tunnel, 4832"
273,Front Desk Coordinator,Zoe_Turner1261@typill.biz,Zoe Turner,Vermont,Salt Lake City,"Marischal  Avenue, 8020"
274,Health Educator,Maddison_Nelson5736@deavo.com,Maddison Nelson,Hawaii,Valetta,"Bolton  Street, 8644"
275,Paramedic,Eryn_Redden5720@qater.org,Eryn Redden,Hawaii,Oklahoma City,"Carlton  Way, 2661"
276,Restaurant Manager,Josh_Attwood7790@deons.tech,Josh Attwood,Delaware,Stockton,"Ely  Boulevard, 6668"
277,Staffing Consultant,Rocco_Griffiths7151@dionrab.com,Rocco Griffiths,Mississippi,Las Vegas,"Linda Lane Pass, 2757"
278,Pharmacist,Cherish_Wilson7115@liret.org,Cherish Wilson,Michigan,Paris,"Eldon  Lane, 1739"
279,Ambulatory Nurse,Jade_Scott2986@bungar.biz,Jade Scott,Alaska,Ontario,"Charnwood   Grove, 5588"
280,Treasurer,Cedrick_Roman9286@atink.com,Cedrick Roman,Alaska,Oakland,"Collins  Way, 5035"
281,Auditor,Susan_Campbell5139@gmail.com,Susan Campbell,Missouri,Omaha,"Walnut Route, 7662"
282,Executive Director,Tyson_Oliver933@sheye.org,Tyson Oliver,Alabama,Henderson,"Thoresby   Route, 8211"
283,Chef Manager,Erin_Ashley1239@bretoux.com,Erin Ashley,Vermont,Minneapolis,"Birkbeck  Tunnel, 5536"
284,Electrician,Matt_Slater1712@joiniaa.com,Matt Slater,Florida,Norfolk,"Bush  Lane, 1625"
285,HR Coordinator,Maxwell_Morris2123@famism.biz,Maxwell Morris,North Dakota,Portland,"Bayberry Rue, 1188"
286,Doctor,Francesca_Fowler1391@eirey.tech,Francesca Fowler,Mississippi,Richmond,"Epworth  Street, 4822"
287,Health Educator,Beatrice_Graham3066@vetan.org,Beatrice Graham,New Mexico,Irving,"Timber   Hill, 9350"
288,Budget Analyst,Alessia_Butler9629@deons.tech,Alessia Butler,New Hampshire,Tallahassee,"Charnwood   Walk, 8645"
289,Insurance Broker,Hailey_Lindop3898@jiman.org,Hailey Lindop,Utah,Laredo,"Victoria  Rue, 9729"
290,Mobile Developer,Mike_Bentley5091@bauros.biz,Mike Bentley,New Mexico,Seattle,"Bacton   Pass, 5503"
291,Executive Director,Paula_Hill9559@twipet.com,Paula Hill,South Carolina,Santa Ana,"Blackpool  Walk, 6874"
292,Associate Professor,Ronald_Waterson9295@gembat.biz,Ronald Waterson,Kansas,Miami,"Bicknell  Lane, 2753"
293,Designer,Bethany_Bentley5620@gompie.com,Bethany Bentley,Tennessee,Portland,"Linda Lane Drive, 1334"
294,Bookkeeper,Penelope_Norburn608@ubusive.com,Penelope Norburn,Nevada,Miami,"Wadham  Pass, 1622"
295,Pharmacist,Luna_Gibson5995@typill.biz,Luna Gibson,Washington,Rochester,"Fairview Drive, 6482"
296,Laboratory Technician,Mason_Simmons5546@brety.org,Mason Simmons,Minnesota,Bellevue,"St. Jamess  Walk, 7178"
297,Biologist,Analise_May3993@atink.com,Analise May,Alabama,New Orleans,"Buttonwood Road, 5632"
298,Staffing Consultant,Kimberly_Carson1647@infotech44.tech,Kimberly Carson,Mississippi,Scottsdale,"Chancellor  Way, 1900"
299,Dentist,Grace_Addis6436@sheye.org,Grace Addis,Kansas,Nashville,"Spruce Hill, 3605"
300,Executive Director,Candice_Dickson7946@joiniaa.com,Candice Dickson,North Dakota,Washington,"Waldram Park  Way, 6268"
301,Global Logistics Supervisor,Gwen_Garner6950@gompie.com,Gwen Garner,California,Zurich,"Arundel   Drive, 1174"
302,Call Center Representative,Marvin_Ingram5329@cispeto.com,Marvin Ingram,Arkansas,Zurich,"Cloth  Boulevard, 9755"
303,Webmaster,Gwenyth_Strong9907@tonsy.org,Gwenyth Strong,Vermont,Oklahoma City,"Gautrey  Walk, 5801"
304,Banker,Alan_Rixon878@dionrab.com,Alan Rixon,Tennessee,Bellevue,"Meadow Road, 3808"
305,Cook,Quinn_Rust9641@zorer.org,Quinn Rust,Idaho,Salem,"Lake Way, 3247"
306,Executive Director,Phillip_Chappell7570@gompie.com,Phillip Chappell,Ohio,Venice,"Dunsley  Avenue, 3461"
307,Cashier,Elijah_Mason8403@elnee.tech,Elijah Mason,Connecticut,Los Angeles,"South Lane, 9261"
308,Software Engineer,Vivian_Aldridge9611@liret.org,Vivian Aldridge,Georgia,Amarillo,"Cam  Boulevard, 9864"
309,Bookkeeper,Luna_Pickard6978@bretoux.com,Luna Pickard,Oregon,Paris,"Boadicea   Road, 8984"
310,Banker,Maggie_Ring3737@yahoo.com,Maggie Ring,Minnesota,Kansas City,"Hampden  Pass, 3941"
311,Project Manager,Julia_Yates921@vetan.org,Julia Yates,Texas,Springfield,"Eaglet  Street, 508"
312,Cash Manager,Faith_Bell8065@brety.org,Faith Bell,South Carolina,Pittsburgh,"Bendall   Avenue, 9084"
313,Fabricator,Kamila_Harrison1338@qater.org,Kamila Harrison,New York,Baltimore,"Cavell   Hill, 2497"
314,Mobile Developer,Aiden_London9449@liret.org,Aiden London,Indiana,Indianapolis,"Besson  Lane, 6853"
315,Design Engineer,Julius_Robinson3238@liret.org,Julius Robinson,Vermont,Milano,"Bishop   Alley, 8897"
316,Cash Manager,Manuel_Power3958@irrepsy.com,Manuel Power,Nevada,Amarillo,"Chelsea Manor  Vale, 4988"
317,Software Engineer,Liam_Hopkins7738@naiker.biz,Liam Hopkins,New York,Jersey City,"Central  Avenue, 9818"
318,Executive Director,Sarah_Jacobs7283@womeona.net,Sarah Jacobs,Virginia,Madrid,"Dyott   Avenue, 1836"
319,Doctor,Bristol_Lowe8855@hourpy.biz,Bristol Lowe,Massachussets,Rome,"Bolingbroke  Way, 5395"
320,Food Technologist,Gabriel_Williams7703@kideod.biz,Gabriel Williams,Tennessee,Bucharest,"Bendmore  Crossroad, 3904"
321,Doctor,Javier_Hunter3844@bauros.biz,Javier Hunter,Illinois,Phoenix,"Adderley   Hill, 53"
322,Loan Officer,Phillip_Isaac5955@guentu.biz,Phillip Isaac,South Dakota,Garland,"Buttonwood Grove, 3456"
323,Machine Operator,Florence_Saunders2002@bauros.biz,Florence Saunders,Louisiana,Houston,"Dyott   Rue, 3558"
324,Paramedic,Kieth_Benson1752@kideod.biz,Kieth Benson,Utah,Denver,"West Pass, 9716"
325,Stockbroker,Penelope_Kerr4248@zorer.org,Penelope Kerr,Kentucky,Long Beach,"Cavendish Alley, 9608"
326,Executive Director,Leanne_Cox3994@grannar.com,Leanne Cox,Tennessee,El Paso,"Yoakley Drive, 3183"
327,Clerk,Mike_Murray5857@brety.org,Mike Murray,Washington,Toledo,"Blomfield  Road, 6105"
328,Bookkeeper,Amelia_Chapman3316@ubusive.com,Amelia Chapman,Hawaii,Milwaukee,"Thomas More   Street, 2411"
329,Paramedic,Daron_Styles8186@famism.biz,Daron Styles,Colorado,Oklahoma City,"Rosewood Way, 9837"
330,Bellman,Kassandra_Niles697@jiman.org,Kassandra Niles,Rhode Island,Salt Lake City,"Arbutus   Hill, 9208"
331,Laboratory Technician,Ron_Wilcox5183@gembat.biz,Ron Wilcox,Maine,Venice,"Arlington  Pass, 1415"
332,Web Developer,Daniel_Verdon202@bulaffy.com,Daniel Verdon,Kansas,Berna,"Birkin   Hill, 159"
333,Laboratory Technician,Emely_Gilmore2498@eirey.tech,Emely Gilmore,Colorado,Lisbon,"Yoakley Pass, 6985"
334,Staffing Consultant,Ethan_Hilton9867@womeona.net,Ethan Hilton,Indiana,Kansas City,"Comet House  Avenue, 2435"
335,IT Support Staff,Noemi_Khan182@eirey.tech,Noemi Khan,Missouri,Charlotte,"Thomas  Avenue, 3877"
336,Budget Analyst,Angelica_Edwards1644@infotech44.tech,Angelica Edwards,Oregon,Escondido,"Cavaye  Way, 3815"
337,Machine Operator,Mona_Boyle1309@bulaffy.com,Mona Boyle,Colorado,Quebec,"Tisbury  Drive, 5319"
338,Biologist,Alison_Taylor816@liret.org,Alison Taylor,Vermont,Charlotte,"Meadow Walk, 2200"
339,Business Broker,Miriam_Vince6602@acrit.org,Miriam Vince,Florida,Richmond,"Apostle  Route, 6428"
340,Clerk,Blake_Kennedy1430@twace.org,Blake Kennedy,Kansas,Arlington,"Lake Way, 4140"
341,Doctor,Daniel_Marshall1451@guentu.biz,Daniel Marshall,Mississippi,El Paso,"Sheffield Route, 5988"
342,Software Engineer,Jaylene_Reynolds7878@eirey.tech,Jaylene Reynolds,Maine,New Orleans,"Calderwood   Rue, 1377"
343,Cook,Peter_Drew3427@deons.tech,Peter Drew,Arizona,Cincinnati,"Blackpool  Walk, 6020"
344,Healthcare Specialist,Lucas_Richards3885@gembat.biz,Lucas Richards,Idaho,Zurich,"Chalcot  Street, 2567"
345,Loan Officer,Carolyn_Lynn8925@ubusive.com,Carolyn Lynn,Hawaii,Las Vegas,"Union  Lane, 7119"
346,Cook,Domenic_Rigg7315@grannar.com,Domenic Rigg,South Carolina,Columbus,"Bocking   Grove, 7877"
347,Food Technologist,Bart_Thatcher3581@zorer.org,Bart Thatcher,Arkansas,Las Vegas,"Cheltenham  Boulevard, 9166"
348,HR Specialist,Adeline_Thompson9215@gembat.biz,Adeline Thompson,Massachussets,Baltimore,"Wake  Route, 6892"
349,Clerk,Liam_Yarlett5914@corti.com,Liam Yarlett,Connecticut,Dallas,"Cephas  Walk, 8190"
350,Paramedic,Doug_Gavin473@infotech44.tech,Doug Gavin,North Dakota,El Paso,"Vintners  Hill, 3975"
351,Steward,Domenic_Hudson2708@iatim.tech,Domenic Hudson,Wisconsin,Irving,"Blendon    Grove, 4078"
352,Project Manager,Ruby_Cobb3232@jiman.org,Ruby Cobb,West Virginia,Huntsville,"Betton  Hill, 1409"
353,Healthcare Specialist,Marla_Morris5481@atink.com,Marla Morris,Ohio,Los Angeles,"Sherlock   Lane, 1338"
354,Bookkeeper,Stephanie_Matthews3391@gembat.biz,Stephanie Matthews,Vermont,Henderson,"Chestnut  Vale, 3643"
355,Cook,Daniel_Hood764@muall.tech,Daniel Hood,Louisiana,Tallahassee,"Arundel   Crossroad, 8648"
356,Staffing Consultant,Percy_Stanton7713@dionrab.com,Percy Stanton,Pennsylvania,Oakland,"Magnolia Boulevard, 4955"
357,Staffing Consultant,Danny_Larsen6809@bungar.biz,Danny Larsen,Illinois,Murfreesboro,"Ampton  Grove, 135"
358,Inspector,Marvin_Morgan6551@deons.tech,Marvin Morgan,Maine,Venice,"Waldram Park  Route, 2991"
359,Fabricator,Mark_Blackwall7498@kideod.biz,Mark Blackwall,Delaware,Colorado Springs,"Arbutus   Street, 132"
360,Cash Manager,Jack_Harrison8817@infotech44.tech,Jack Harrison,Alaska,El Paso,"Cloth  Tunnel, 4499"
361,Associate Professor,Gwenyth_Brown1920@joiniaa.com,Gwenyth Brown,Arizona,San Jose,"North Avenue, 1201"
362,Treasurer,Benny_Umney1580@tonsy.org,Benny Umney,Massachussets,Rochester,"Bempton   Drive, 8011"
363,Laboratory Technician,Felicity_Burge4623@tonsy.org,Felicity Burge,Delaware,Bakersfield,"Sherwood  Route, 566"
364,Webmaster,Makenzie_Cox3010@eirey.tech,Makenzie Cox,Nevada,Oklahoma City,"Maple Tunnel, 4905"
365,Baker,Benjamin_Welsch9788@typill.biz,Benjamin Welsch,South Dakota,Huntsville,"Caslon   Grove, 4506"
366,Food Technologist,Andie_Baker430@ovock.tech,Andie Baker,North Dakota,Wien,"Thomas Doyle   Hill, 7593"
367,Budget Analyst,Gil_Broomfield8006@guentu.biz,Gil Broomfield,South Carolina,Tallahassee,"Beaumont  Drive, 5576"
368,Chef Manager,Peter_Kent8349@gembat.biz,Peter Kent,Wisconsin,Indianapolis,"Cloth  Hill, 6280"
369,Electrician,Tyler_Talbot6948@gembat.biz,Tyler Talbot,Massachussets,Indianapolis,"Timber   Route, 9139"
370,Webmaster,Gil_Rosenbloom1321@fuliss.net,Gil Rosenbloom,Maryland,Salem,"Bellenden  Vale, 4719"
371,Investment  Advisor,Rose_Allen5223@twace.org,Rose Allen,Alaska,Tulsa,"Udall   Hill, 2259"
372,Bookkeeper,Domenic_Neville4811@tonsy.org,Domenic Neville,New York,Nashville,"Bennett  Road, 1858"
373,Physician,Maggie_Dillon2710@deons.tech,Maggie Dillon,New York,Sacramento,"Carol   Drive, 5060"
374,Ambulatory Nurse,Morgan_Vallory5599@nimogy.biz,Morgan Vallory,Nebraska,Scottsdale,"Rivervalley Lane, 3537"
375,Investment  Advisor,Josephine_Smith3411@womeona.net,Josephine Smith,Montana,Cincinnati,"Belmont Park Tunnel, 4502"
376,Chef Manager,Tony_Mcnally653@qater.org,Tony Mcnally,Maryland,Lincoln,"Bermondsey    Walk, 2457"
377,IT Support Staff,Rosalee_Grady7759@iatim.tech,Rosalee Grady,Mississippi,Chicago,"Arthur  Way, 2505"
378,Insurance Broker,Hanna_Smith991@bauros.biz,Hanna Smith,Ohio,Ontario,"Birkin   Pass, 2554"
379,Cashier,Jacob_Andrews3941@vetan.org,Jacob Andrews,North Carolina,Hayward,"Cheltenham  Vale, 5839"
380,Cook,Alex_Lowe3516@bauros.biz,Alex Lowe,Massachussets,Berlin,"Ely  Drive, 8369"
381,Banker,Mina_Allcott8935@bauros.biz,Mina Allcott,Rhode Island,Toledo,"Paris   Rue, 5019"
382,Lecturer,Julius_Hunter2074@liret.org,Julius Hunter,Kansas,Atlanta,"Wager   Tunnel, 921"
383,Cash Manager,Macy_Jenkin9215@supunk.biz,Macy Jenkin,Utah,Henderson,"Elystan  Drive, 2932"
384,Physician,Jack_Cunningham9367@brety.org,Jack Cunningham,Washington,Baltimore,"Badric  Grove, 8783"
385,Project Manager,Analise_Palmer7402@grannar.com,Analise Palmer,South Carolina,Reno,"Baltic  Avenue, 5822"
386,Pharmacist,Barney_Wright5439@hourpy.biz,Barney Wright,Tennessee,El Paso,"Clifton  Hill, 5116"
387,Clerk,Barry_Shaw172@bretoux.com,Barry Shaw,Florida,Arlington,"Erindale Drive, 6344"
388,Cashier,Sofie_Campbell4286@muall.tech,Sofie Campbell,Colorado,Valetta,"Colombo   Pass, 8022"
389,Machine Operator,Jacob_Forth6627@tonsy.org,Jacob Forth,Illinois,Laredo,"East Crossroad, 3272"
390,Service Supervisor,Phillip_Blackburn5610@womeona.net,Phillip Blackburn,Vermont,Innsbruck,"Gavel   Walk, 5998"
391,Project Manager,Remy_Vass4173@joiniaa.com,Remy Vass,Ohio,Salem,"Garfield Alley, 7750"
392,Laboratory Technician,Chris_Gallacher9209@iatim.tech,Chris Gallacher,Iowa,Lakewood,"Vine  Way, 7538"
393,Service Supervisor,John_Reading1471@deons.tech,John Reading,Missouri,Bucharest,"Birkbeck  Pass, 9842"
394,Biologist,Nate_Flett5267@sheye.org,Nate Flett,North Carolina,Kansas City,"Yorkshire  Pass, 2190"
395,Physician,Caleb_Clark7616@vetan.org,Caleb Clark,Maryland,Amarillo,"Chicksand  Boulevard, 87"
396,Design Engineer,Brooklyn_Yarwood9420@eirey.tech,Brooklyn Yarwood,Alabama,Salt Lake City,"Sheffield Lane, 228"
397,Healthcare Specialist,Hayden_Dillon6066@sveldo.biz,Hayden Dillon,Georgia,Lakewood,"Zealand Grove, 413"
398,Designer,Erick_Shea3492@ubusive.com,Erick Shea,Wisconsin,Albuquerque,"King William  Way, 6652"
399,Investment  Advisor,Aileen_Ranks6702@hourpy.biz,Aileen Ranks,Texas,Long Beach,"Blore  Hill, 3175"
400,Dentist,Sebastian_Wooldridge3050@fuliss.net,Sebastian Wooldridge,South Dakota,Valetta,"Chartham  Road, 5802"
401,Paramedic,Lily_Hamilton9919@bulaffy.com,Lily Hamilton,Michigan,Columbus,"Empress  Way, 3848"
402,Audiologist,Blake_Partridge2222@kideod.biz,Blake Partridge,South Carolina,Henderson,"Bliss  Route, 5009"
403,Webmaster,Sofia_Haines4176@yahoo.com,Sofia Haines,New York,San Diego,"South Route, 6410"
404,Banker,Cecilia_Scott6196@hourpy.biz,Cecilia Scott,Nebraska,Colorado Springs,"Queen Caroline   Hill, 6807"
405,Design Engineer,Morgan_Curtis8418@naiker.biz,Morgan Curtis,Washington,Otawa,"Angel  Road, 2053"
406,Machine Operator,Harmony_Anderson2859@corti.com,Harmony Anderson,Wisconsin,Salt Lake City,"Western   Walk, 9893"
407,Web Developer,Carla_Jenkin6005@hourpy.biz,Carla Jenkin,Oklahoma,Garland,"Westbourne Lane, 9136"
408,Doctor,Molly_Cartwright919@tonsy.org,Molly Cartwright,South Carolina,Long Beach,"Oxford Tunnel, 5845"
409,Laboratory Technician,Nina_Avery3009@grannar.com,Nina Avery,Pennsylvania,Arlington,"Virgil   Street, 8992"
410,Associate Professor,Rick_Aldridge4919@tonsy.org,Rick Aldridge,Vermont,Hayward,"Chancellor  Crossroad, 2793"
411,Investment  Advisor,William_Uddin3792@supunk.biz,William Uddin,Delaware,Madrid,"Cavell   Way, 7071"
412,Fabricator,Caleb_Horton2375@womeona.net,Caleb Horton,Pennsylvania,Amarillo,"Ben   Hill, 7244"
413,Banker,Cherish_Smith4267@nimogy.biz,Cherish Smith,Georgia,Huntsville,"Collins  Grove, 7131"
414,Doctor,Sage_Henderson3754@nanoff.biz,Sage Henderson,Massachussets,Huntsville,"Callcott   Vale, 2748"
415,Global Logistics Supervisor,Peter_Allen5262@ovock.tech,Peter Allen,Oklahoma,Madison,"Durweston   Drive, 6962"
416,Executive Director,Maddison_Evans841@infotech44.tech,Maddison Evans,Colorado,Philadelphia,"Carlisle  Tunnel, 2457"
417,Front Desk Coordinator,Adalind_Walton9062@atink.com,Adalind Walton,Wyoming,Bucharest,"Abbey   Way, 6019"
418,Front Desk Coordinator,Lillian_Locke2914@nanoff.biz,Lillian Locke,Montana,Lincoln,"Apsley    Hill, 7630"
419,Pharmacist,Lana_Taylor5981@dionrab.com,Lana Taylor,North Carolina,Escondido,"Cavaye  Drive, 9919"
420,Banker,Rita_Whatson6866@famism.biz,Rita Whatson,Kentucky,Garland,"Gatonby   Drive, 639"
421,Ambulatory Nurse,Lauren_Becker2636@nickia.com,Lauren Becker,Florida,Tallahassee,"Eaglet  Grove, 6608"
422,Cash Manager,Elisabeth_Addley6684@grannar.com,Elisabeth Addley,Arkansas,Quebec,"Paris   Hill, 6171"
423,Bellman,Peter_Hunter4560@irrepsy.com,Peter Hunter,Michigan,Nashville,"Walnut Rue, 8037"
424,Physician,Regina_Young2336@typill.biz,Regina Young,Maine,Hayward,"Bendmore  Lane, 5761"
425,Auditor,Elly_Stanton2862@gmail.com,Elly Stanton,Kansas,Kansas City,"Durweston   Tunnel, 5191"
426,Steward,Winnie_Underhill5530@liret.org,Winnie Underhill,North Carolina,Los Angeles,"Cheney  Crossroad, 9615"
427,Healthcare Specialist,Abdul_Janes1666@bretoux.com,Abdul Janes,Iowa,Oakland,"Gatonby   Pass, 7228"
428,Design Engineer,Benny_Mould8668@tonsy.org,Benny Mould,Wyoming,Stockton,"Chapel  Walk, 5456"
429,Cook,Cassandra_Whinter3421@jiman.org,Cassandra Whinter,Arkansas,Hayward,"Clarges   Alley, 7289"
430,Electrician,Luna_Calderwood9341@gembat.biz,Luna Calderwood,Alabama,Charlotte,"Sheffield Route, 7821"
431,Front Desk Coordinator,Sabina_Curtis6630@acrit.org,Sabina Curtis,Mississippi,Omaha,"Cardinal Avenue, 1392"
432,Systems Administrator,Sebastian_Chappell3783@infotech44.tech,Sebastian Chappell,Rhode Island,Anaheim,"Birkin   Rue, 6088"
433,Call Center Representative,Jackeline_Watt450@eirey.tech,Jackeline Watt,Ohio,Jersey City,"Dunstans  Rue, 1733"
434,Cash Manager,Cameron_Woods173@mafthy.com,Cameron Woods,Kentucky,Lisbon,"Parkfield  Grove, 2502"
435,Food Technologist,Beatrice_Norton5444@hourpy.biz,Beatrice Norton,Nevada,New York,"Bellenden  Boulevard, 1157"
436,Front Desk Coordinator,Boris_Carter3161@bretoux.com,Boris Carter,Michigan,Columbus,"Arbutus   Road, 4900"
437,Dentist,Nancy_Fox9560@ovock.tech,Nancy Fox,Vermont,Honolulu,"Heritage Vale, 1548"
438,Pharmacist,Cedrick_Stanton4679@deavo.com,Cedrick Stanton,Minnesota,Minneapolis,"Sheffield Alley, 8655"
439,Software Engineer,Elisabeth_Walter5812@twipet.com,Elisabeth Walter,Vermont,Chicago,"Fairholt   Road, 2208"
440,Staffing Consultant,Julius_Gardner7589@zorer.org,Julius Gardner,Massachussets,Chicago,"Cardinal Tunnel, 9531"
441,Production Painter,Caydence_Marshall7270@qater.org,Caydence Marshall,Nebraska,Orlando,"Carltoun   Avenue, 3929"
442,Physician,Mark_Marshall2651@gmail.com,Mark Marshall,Minnesota,Madison,"Queen Tunnel, 1167"
443,CNC Operator,Luke_Cartwright8480@ovock.tech,Luke Cartwright,Arizona,Madrid,"Bolingbroke  Grove, 6027"
444,Web Developer,Martin_Chadwick404@grannar.com,Martin Chadwick,Idaho,Bridgeport,"Thorndike   Drive, 7410"
445,Operator,Rihanna_Curtis2188@vetan.org,Rihanna Curtis,Idaho,Minneapolis,"Waite  Rue, 6938"
446,Dentist,Kamila_Robertson8213@extex.org,Kamila Robertson,Alabama,Rochester,"Tilson  Route, 9540"
447,Operator,David_Grey2438@ubusive.com,David Grey,Idaho,New York,"Ellerman   Walk, 1563"
448,Cash Manager,Ryan_Rose5231@brety.org,Ryan Rose,South Dakota,San Antonio,"Champion  Tunnel, 9060"
449,Operator,George_Hill9104@brety.org,George Hill,Montana,Colorado Springs,"Blenkarne  Tunnel, 3305"
450,Systems Administrator,Tara_Boden3141@gmail.com,Tara Boden,Virginia,Houston,"Geffrye   Walk, 8757"
451,Cash Manager,Taylor_Radley1191@irrepsy.com,Taylor Radley,Minnesota,Rome,"Chantry   Rue, 6971"
452,HR Coordinator,Rosemary_Janes9147@elnee.tech,Rosemary Janes,Alaska,Washington,"Arctic   Hill, 8864"
453,Budget Analyst,Stephanie_Yoman3010@elnee.tech,Stephanie Yoman,Maine,Omaha,"Boleyn  Drive, 1238"
454,Call Center Representative,Harmony_Dixon3526@vetan.org,Harmony Dixon,Missouri,Bridgeport,"Cliffords  Route, 6446"
455,Software Engineer,Audrey_Wilkinson9628@kideod.biz,Audrey Wilkinson,Nebraska,Charlotte,"Boleyn  Rue, 3047"
456,Operator,Juliet_Healy7815@nanoff.biz,Juliet Healy,South Carolina,Salem,"Bletchley   Pass, 7206"
457,Stockbroker,Miriam_Drake9907@dionrab.com,Miriam Drake,Washington,Boston,"Andsell    Crossroad, 4994"
458,Webmaster,Cecilia_Reid3440@kideod.biz,Cecilia Reid,Alaska,Los Angeles,"Howard Road, 4747"
459,Accountant,Tyson_Latham5690@hourpy.biz,Tyson Latham,Massachussets,Amarillo,"Hickory Lane Alley, 9184"
460,Call Center Representative,Esmeralda_Henderson8705@kideod.biz,Esmeralda Henderson,Texas,Otawa,"Cave   Vale, 4489"
461,Bellman,Callie_Spencer9180@hourpy.biz,Callie Spencer,Virginia,London,"Hammersmith  Rue, 7039"
462,Pharmacist,Sloane_Bristow9213@cispeto.com,Sloane Bristow,Illinois,Arlington,"Sheffield Route, 4331"
463,Web Developer,Rosalyn_Craig121@mafthy.com,Rosalyn Craig,Illinois,Norfolk,"Duthie   Tunnel, 3114"
464,Cook,Molly_Thompson8981@bulaffy.com,Molly Thompson,Missouri,Pittsburgh,"Enderby   Avenue, 2314"
465,Business Broker,Cameron_Murray1986@womeona.net,Cameron Murray,Virginia,Garland,"Beechen  Way, 773"
466,Fabricator,Kenzie_Craig7092@typill.biz,Kenzie Craig,South Dakota,Norfolk,"Victorian  Boulevard, 4365"
467,Global Logistics Supervisor,Enoch_Skinner1955@vetan.org,Enoch Skinner,Florida,Richmond,"Mariner   Tunnel, 9508"
468,Clerk,Denny_Baker9758@supunk.biz,Denny Baker,Alabama,Cincinnati,"Catherine  Walk, 6970"
469,Fabricator,Brad_Robinson6901@gembat.biz,Brad Robinson,Maine,Lisbon,"St. Jamess  Crossroad, 8910"
470,HR Coordinator,Candace_Torres9202@ubusive.com,Candace Torres,Colorado,Hayward,"Bletchley   Pass, 8116"
471,Physician,Ryan_Rowe1031@hourpy.biz,Ryan Rowe,Arizona,Stockton,"Durweston   Tunnel, 6478"
472,Staffing Consultant,Owen_Moore6203@bulaffy.com,Owen Moore,Arizona,San Bernardino,"Howard Vale, 715"
473,Ambulatory Nurse,Rosalyn_Selby7185@irrepsy.com,Rosalyn Selby,Georgia,Fayetteville,"Bazely   Grove, 9456"
474,Assistant Buyer,Mike_Chester8322@sveldo.biz,Mike Chester,Florida,Moreno Valley,"Linda Lane Road, 5996"
475,Front Desk Coordinator,Sylvia_Uttridge9020@deavo.com,Sylvia Uttridge,Texas,Tulsa,"Vintners  Lane, 6717"
476,Assistant Buyer,Gwen_Ashwell3652@sveldo.biz,Gwen Ashwell,Mississippi,Saint Paul,"Chandos  Alley, 1817"
477,Pharmacist,Carter_Snow6182@dionrab.com,Carter Snow,Wyoming,San Jose,"Antrobus   Vale, 691"
478,Paramedic,Penelope_Wheeler1014@gompie.com,Penelope Wheeler,Mississippi,Long Beach,"Bingham   Drive, 327"
479,Front Desk Coordinator,Gloria_Sloan4376@brety.org,Gloria Sloan,Pennsylvania,Fullerton,"Jackson Street, 5371"
480,Bookkeeper,Nicholas_Stevens6726@sveldo.biz,Nicholas Stevens,South Dakota,London,"Clarges   Crossroad, 5393"
481,Cook,Daron_Squire27@fuliss.net,Daron Squire,Washington,Santa Ana,"Lake Route, 1817"
482,Cashier,Ruth_Fall7893@muall.tech,Ruth Fall,Indiana,Lincoln,"Blackheath  Pass, 8719"
483,Cook,Dalia_Hamilton4132@guentu.biz,Dalia Hamilton,South Carolina,Irving,"Linden Lane, 2036"
484,Dentist,Gemma_Thomson1476@brety.org,Gemma Thomson,Delaware,Cincinnati,"Clere  Pass, 1546"
485,Doctor,Ronald_Blythe5307@bretoux.com,Ronald Blythe,Connecticut,Venice,"Heritage Rue, 8194"
486,HR Coordinator,Samara_Adams9513@vetan.org,Samara Adams,Delaware,Toledo,"Cecilia  Alley, 2545"
487,Steward,Rufus_Olson2645@corti.com,Rufus Olson,New Jersey,Cincinnati,"Rivervalley Alley, 1508"
488,Front Desk Coordinator,Penelope_Brett2995@gmail.com,Penelope Brett,Illinois,Bridgeport,"Duthie   Lane, 5046"
489,Software Engineer,Carla_Wallace1866@naiker.biz,Carla Wallace,Kentucky,Madrid,"Castile  Lane, 704"
490,Paramedic,Celia_Baker9466@famism.biz,Celia Baker,Georgia,Memphis,"Linden Tunnel, 7216"
491,Chef Manager,Tyson_Rowe9048@bretoux.com,Tyson Rowe,Ohio,Otawa,"Yorkshire  Pass, 3495"
492,Executive Director,Manuel_Santos5225@bretoux.com,Manuel Santos,Nevada,Quebec,"Heritage Hill, 2391"
493,Audiologist,Wade_Lyon6924@joiniaa.com,Wade Lyon,Pennsylvania,Stockton,"Battersea   Way, 2137"
494,Ambulatory Nurse,Maia_Hunt3291@zorer.org,Maia Hunt,Vermont,Louisville,"Woodland Pass, 3320"
495,Project Manager,Wade_Yates245@womeona.net,Wade Yates,Utah,Zurich,"Vincent  Tunnel, 1592"
496,HR Specialist,Ramon_Olivier7745@vetan.org,Ramon Olivier,Michigan,Zurich,"Endsleigh  Rue, 7412"
497,HR Specialist,Nick_Barclay2095@infotech44.tech,Nick Barclay,Connecticut,Saint Paul,"Caldwell   Pass, 4918"
498,Paramedic,Laila_Grey9397@supunk.biz,Laila Grey,Nebraska,New York,"Clissold  Boulevard, 9446"
499,Front Desk Coordinator,Megan_Edwards6962@sveldo.biz,Megan Edwards,Mississippi,Philadelphia,"Bolton  Rue, 6796"
500,Health Educator,Barry_Cann3471@bretoux.com,Barry Cann,Virginia,Washington,"Glenwood Rue, 4374"
501,Loan Officer,Aeris_Parsons8703@nickia.com,Aeris Parsons,California,Rome,"Camley   Lane, 4251"
502,Staffing Consultant,David_Long8834@twipet.com,David Long,Hawaii,Santa Ana,"Fawn Street, 7914"
503,Pharmacist,Courtney_Walter6531@famism.biz,Courtney Walter,Wisconsin,Sacramento,"Marischal  Way, 2831"
504,Stockbroker,Daron_Durrant2510@liret.org,Daron Durrant,Minnesota,Oakland,"Becher  Hill, 7623"
505,Machine Operator,Anne_Butler9067@elnee.tech,Anne Butler,Massachussets,San Jose,"Magnolia Lane, 2078"
506,Mobile Developer,Tyler_Paterson1793@fuliss.net,Tyler Paterson,Missouri,Lisbon,"Victoria Rise Avenue, 8117"
507,Health Educator,John_Allen6659@yahoo.com,John Allen,New Jersey,Sacramento,"Heritage Tunnel, 2406"
508,Software Engineer,Alison_Asher4699@twace.org,Alison Asher,North Dakota,Otawa,"Cloth  Rue, 3674"
509,Steward,Amy_Mcnally5842@famism.biz,Amy Mcnally,Missouri,Saint Paul,"Sherwood  Road, 2582"
510,Accountant,Daron_Waterson7724@sheye.org,Daron Waterson,Hawaii,Oakland,"Boldero   Crossroad, 9429"
511,HR Coordinator,Domenic_James2057@grannar.com,Domenic James,Ohio,Venice,"Black Swan  Avenue, 1148"
512,Mobile Developer,Alexia_Wheeler4993@kideod.biz,Alexia Wheeler,Tennessee,Tulsa,"Angela   Boulevard, 1833"
513,Dentist,Jenna_Spencer5605@gmail.com,Jenna Spencer,Maine,Jacksonville,"Beaumont  Grove, 4957"
514,Lecturer,Liam_Gonzales9704@qater.org,Liam Gonzales,Idaho,Lancaster,"Kinglake  Tunnel, 7695"
515,Cash Manager,Joseph_Maxwell4103@jiman.org,Joseph Maxwell,New York,Fayetteville,"Cliffords  Grove, 6226"
516,Cook,Ciara_Needham5342@extex.org,Ciara Needham,West Virginia,Fremont,"Adams  Street, 6775"
517,Production Painter,Trisha_Vaughan7227@irrepsy.com,Trisha Vaughan,Louisiana,Hollywood,"Howard Boulevard, 9234"
518,Production Painter,Jack_Tyrrell8374@ovock.tech,Jack Tyrrell,Oregon,Escondido,"Canon Pass, 792"
519,Healthcare Specialist,Denny_Partridge843@bretoux.com,Denny Partridge,Idaho,Lyon,"Apothecary   Street, 5889"
520,Insurance Broker,Leah_Rodwell9211@grannar.com,Leah Rodwell,Rhode Island,Escondido,"Aspen Hill, 3016"
521,Auditor,Mayleen_Darcy6223@atink.com,Mayleen Darcy,Colorado,Saint Paul,"Fawn Drive, 9544"
522,Cashier,Ada_Tailor2600@supunk.biz,Ada Tailor,Florida,Louisville,"Waldram Park  Drive, 6940"
523,Treasurer,Angel_Matthews7149@yahoo.com,Angel Matthews,Wisconsin,Tallahassee,"Blackpool  Drive, 5017"
524,Paramedic,Jack_Stone6329@nimogy.biz,Jack Stone,Indiana,San Francisco,"Tiptree   Avenue, 6434"
525,Cash Manager,Judith_Neville7826@twipet.com,Judith Neville,West Virginia,Hayward,"Lincoln Pass, 3450"
526,HR Coordinator,Cedrick_Rehman8565@elnee.tech,Cedrick Rehman,West Virginia,Toledo,"Vintners  Drive, 9603"
527,Cashier,Julianna_Graham5043@bauros.biz,Julianna Graham,Maryland,Bucharest,"Fairfield  Street, 2100"
528,CNC Operator,Nina_Callan9249@eirey.tech,Nina Callan,Utah,Irving,"Blackheath  Rue, 7538"
529,Designer,Bob_Wild8610@hourpy.biz,Bob Wild,North Carolina,Prague,"Castlereagh   Road, 6455"
530,Design Engineer,Kaylee_Turner795@sheye.org,Kaylee Turner,Alaska,Tokyo,"Bletchley   Tunnel, 1623"
531,Cook,Celia_Chappell9300@cispeto.com,Celia Chappell,New Hampshire,Lakewood,"Fairbairn  Crossroad, 2821"
532,Call Center Representative,Jayden_Yard6414@guentu.biz,Jayden Yard,Massachussets,Lyon,"Betton  Avenue, 1925"
533,Steward,Bart_Villiger5944@nanoff.biz,Bart Villiger,Indiana,San Antonio,"Eaglet  Route, 4745"
534,Electrician,Kate_Morgan4709@bulaffy.com,Kate Morgan,Florida,Madrid,"Bempton   Street, 7779"
535,Fabricator,Mabel_Quinton9143@twace.org,Mabel Quinton,Massachussets,Bakersfield,"Bloomsbury  Hill, 6644"
536,Systems Administrator,Skylar_Jenkin5415@bulaffy.com,Skylar Jenkin,Kansas,Indianapolis,"Chambers  Walk, 9261"
537,Fabricator,Oliver_Burge6946@elnee.tech,Oliver Burge,Connecticut,New Orleans,"Buttonwood Rue, 9769"
538,Webmaster,Irene_Knight5506@eirey.tech,Irene Knight,Maine,San Bernardino,"Abbey   Road, 9163"
539,Ambulatory Nurse,Alexa_Lyon1210@gmail.com,Alexa Lyon,Michigan,Kansas City,"Anns  Street, 5"
540,Health Educator,Joseph_Murphy7649@kideod.biz,Joseph Murphy,Georgia,Wien,"West Street, 9803"
541,Operator,Nicholas_Brown495@gmail.com,Nicholas Brown,Hawaii,Henderson,"Black Friars   Walk, 8834"
542,Cashier,Alexa_Callan5644@bretoux.com,Alexa Callan,South Dakota,Hollywood,"Queensberry  Boulevard, 7547"
543,Operator,Rowan_Kennedy1119@corti.com,Rowan Kennedy,Alaska,Washington,"Cingworth  Tunnel, 6925"
544,Pharmacist,Eryn_Allwood6721@bretoux.com,Eryn Allwood,Kansas,Tallahassee,"Baltic  Alley, 2141"
545,Production Painter,Chad_Durrant8379@zorer.org,Chad Durrant,Washington,San Jose,"Angrave    Alley, 6791"
546,HR Coordinator,Peter_Bishop3102@eirey.tech,Peter Bishop,Indiana,Arlington,"Chancellor  Crossroad, 6165"
547,IT Support Staff,Cara_Simpson7463@iatim.tech,Cara Simpson,Pennsylvania,Santa Ana,"Mariner   Road, 6747"
548,Pharmacist,Jackeline_Lewis8939@muall.tech,Jackeline Lewis,North Carolina,Bakersfield,"Castile  Avenue, 6027"
549,Staffing Consultant,Rowan_Vince7128@fuliss.net,Rowan Vince,Hawaii,Glendale,"Gavel   Tunnel, 3551"
550,Physician,Ramon_Power2911@twace.org,Ramon Power,Montana,Tokyo,"Kinglake  Street, 6314"
551,Restaurant Manager,Havana_Glass139@gmail.com,Havana Glass,Maryland,Escondido,"Longleigh   Boulevard, 1431"
552,Cash Manager,Carla_Wren4046@bungar.biz,Carla Wren,Pennsylvania,San Bernardino,"Heritage Alley, 4170"
553,Paramedic,Lucas_Plumb8342@gmail.com,Lucas Plumb,Alaska,Atlanta,"Gautrey  Avenue, 3745"
554,Production Painter,Bryon_Daniells6430@extex.org,Bryon Daniells,Idaho,Wien,"Marina  Hill, 301"
555,Inspector,Danny_Gibson2328@brety.org,Danny Gibson,South Dakota,Pittsburgh,"Yoakley Street, 5682"
556,Bookkeeper,Adeline_Newman7030@womeona.net,Adeline Newman,Vermont,Indianapolis,"Fieldstone Crossroad, 6695"
557,Global Logistics Supervisor,Tyler_Eddison4890@jiman.org,Tyler Eddison,Pennsylvania,Escondido,"Church Route, 8873"
558,Service Supervisor,Isabel_Cadman4362@twace.org,Isabel Cadman,Minnesota,Portland,"Cecilia  Boulevard, 1693"
559,Laboratory Technician,Renee_Judd9810@twipet.com,Renee Judd,Oregon,Bridgeport,"Bales  Boulevard, 2013"
560,Stockbroker,Davina_Vince5079@liret.org,Davina Vince,Illinois,Long Beach,"South Tunnel, 2021"
561,Chef Manager,Julius_Booth945@deons.tech,Julius Booth,Iowa,Nashville,"Walnut Road, 3364"
562,Bookkeeper,Jade_Yard1178@twipet.com,Jade Yard,North Dakota,Innsbruck,"Sundown Alley, 5832"
563,Webmaster,Tiffany_Turner944@iatim.tech,Tiffany Turner,Oklahoma,Indianapolis,"South Avenue, 9258"
564,Mobile Developer,Sofie_Wright7615@tonsy.org,Sofie Wright,Massachussets,Seattle,"Sherwood  Lane, 1818"
565,Service Supervisor,Camden_Gordon3432@twace.org,Camden Gordon,Arkansas,Memphis,"Geary   Lane, 955"
566,Healthcare Specialist,Hank_Rossi4468@extex.org,Hank Rossi,Colorado,Springfield,"Timber   Hill, 8580"
567,Food Technologist,Nathan_Hastings4346@womeona.net,Nathan Hastings,Alabama,Escondido,"Sherwood  Vale, 6732"
568,Physician,Abdul_Yang6778@twipet.com,Abdul Yang,Maryland,Minneapolis,"Epworth  Crossroad, 9959"
569,Mobile Developer,Violet_Giles1603@bauros.biz,Violet Giles,Ohio,Reno,"Bagford   Drive, 6442"
570,Treasurer,Maxwell_Yarlett3162@nimogy.biz,Maxwell Yarlett,Idaho,London,"Camdale  Drive, 9339"
571,Cashier,Mayleen_Whatson9929@bretoux.com,Mayleen Whatson,New Hampshire,Irving,"Geary   Boulevard, 9961"
572,Accountant,Felicity_Morris9394@gmail.com,Felicity Morris,Minnesota,Washington,"Canon Way, 7196"
573,Accountant,Doug_Oldfield6429@infotech44.tech,Doug Oldfield,North Dakota,Colorado Springs,"College  Avenue, 120"
574,Retail Trainee,Benny_Whinter3252@bauros.biz,Benny Whinter,Colorado,Long Beach,"College  Boulevard, 3334"
575,Insurance Broker,Josh_Gilbert1551@bauros.biz,Josh Gilbert,Kansas,Jersey City,"Jackson Pass, 2880"
576,CNC Operator,Tania_Boyle7380@nickia.com,Tania Boyle,Vermont,Scottsdale,"Chart   Grove, 4701"
577,Clerk,Adina_Fenton1519@famism.biz,Adina Fenton,New Hampshire,Phoenix,"Kimberley  Walk, 3815"
578,Restaurant Manager,Rihanna_Ashley4495@typill.biz,Rihanna Ashley,Delaware,Saint Paul,"Bacon  Avenue, 2625"
579,Lecturer,Rosie_Antcliff4507@fuliss.net,Rosie Antcliff,Ohio,Charlotte,"King William  Avenue, 8726"
580,Machine Operator,Emery_Mcneill5558@mafthy.com,Emery Mcneill,Minnesota,Philadelphia,"Virgil   Crossroad, 4928"
581,Food Technologist,Alan_Lane3631@liret.org,Alan Lane,West Virginia,Memphis,"Capeners  Crossroad, 9610"
582,Laboratory Technician,Sabrina_Moore7525@mafthy.com,Sabrina Moore,New Hampshire,Oakland,"Elia   Hill, 8797"
583,IT Support Staff,Rowan_Duvall8878@eirey.tech,Rowan Duvall,Kentucky,Miami,"Arline    Vale, 4118"
584,Baker,Harry_Yard7810@muall.tech,Harry Yard,Texas,Washington,"Chatsworth  Tunnel, 179"
585,Banker,Macy_Eaton5387@qater.org,Macy Eaton,Georgia,Atlanta,"Cadogan  Crossroad, 9624"
586,Paramedic,Enoch_Poulton2919@ubusive.com,Enoch Poulton,Pennsylvania,Murfreesboro,"Carol   Alley, 7944"
587,Restaurant Manager,Mason_Hammond5879@typill.biz,Mason Hammond,South Carolina,Fullerton,"Liverpool  Avenue, 6225"
588,Machine Operator,Adeline_Hilton3593@deavo.com,Adeline Hilton,Oklahoma,Berlin,"Central  Hill, 5354"
589,Bellman,Samantha_Villiger5990@gmail.com,Samantha Villiger,Vermont,Norfolk,"Vine  Grove, 9031"
590,Clerk,Agnes_Radcliffe1143@eirey.tech,Agnes Radcliffe,Kentucky,Santa Ana,"Unwin  Street, 4442"
591,Bookkeeper,Tyler_Collins4027@infotech44.tech,Tyler Collins,Tennessee,Anaheim,"Blandford  Crossroad, 2650"
592,Restaurant Manager,Owen_Graham1993@gembat.biz,Owen Graham,Pennsylvania,San Diego,"Unwin  Road, 1558"
593,Systems Administrator,Maggie_Ulyatt4939@vetan.org,Maggie Ulyatt,Colorado,Rochester,"Queen Caroline   Crossroad, 3096"
594,Cash Manager,Greta_Yoman9627@ovock.tech,Greta Yoman,Indiana,Minneapolis,"Wadham  Way, 267"
595,Global Logistics Supervisor,Jane_Everett4108@famism.biz,Jane Everett,Wisconsin,Berna,"Berriman  Hill, 4238"
596,Clerk,Rosemary_Jackson5351@corti.com,Rosemary Jackson,Connecticut,Norfolk,"Bingham   Grove, 4116"
597,Production Painter,Sarah_Dale8619@eirey.tech,Sarah Dale,Illinois,Henderson,"King Edward  Vale, 5642"
598,Business Broker,Rebecca_Harris2717@tonsy.org,Rebecca Harris,Montana,Pittsburgh,"Besson  Pass, 7586"
599,Machine Operator,Sylvia_Duvall2949@elnee.tech,Sylvia Duvall,Massachussets,Nashville,"Chester      Lane, 5973"
600,Doctor,Leroy_Vollans6567@tonsy.org,Leroy Vollans,Virginia,Tokyo,"Calvin   Street, 2840"
601,Health Educator,Chester_Brown5280@gembat.biz,Chester Brown,Alaska,Madrid,"Abbey   Grove, 6804"
602,Physician,Benjamin_Franks7908@infotech44.tech,Benjamin Franks,Ohio,Paris,"Maple Street, 6541"
603,Operator,Thea_Dale3991@womeona.net,Thea Dale,Illinois,Berna,"Boleyn  Pass, 5394"
604,Assistant Buyer,Doug_Daniells8457@guentu.biz,Doug Daniells,Kentucky,Madison,"Birkenhead   Lane, 1753"
605,Physician,Enoch_Collis2770@joiniaa.com,Enoch Collis,Iowa,Ontario,"Bush  Street, 506"
606,Stockbroker,Dani_Thompson7749@typill.biz,Dani Thompson,Maine,Hollywood,"St. Johs  Grove, 9465"
607,Biologist,Daniel_Goodman8753@sveldo.biz,Daniel Goodman,North Dakota,Berna,"Bellenden  Pass, 7344"
608,Investment  Advisor,Cassidy_Mackenzie1540@eirey.tech,Cassidy Mackenzie,North Carolina,Richmond,"Gatonby   Lane, 3407"
609,Front Desk Coordinator,Sofie_Neal3852@sveldo.biz,Sofie Neal,Hawaii,Bellevue,"Enford   Route, 7136"
610,Associate Professor,Cherish_Pratt8666@womeona.net,Cherish Pratt,Wyoming,Bucharest,"Fairview Rue, 3382"
611,Audiologist,Angelique_Widdows8002@muall.tech,Angelique Widdows,Oregon,Bucharest,"Chalcot  Hill, 306"
612,Stockbroker,Jazmin_Adams2678@brety.org,Jazmin Adams,Massachussets,Rome,"East Street, 3610"
613,Biologist,Brad_Savage8206@supunk.biz,Brad Savage,Florida,Hollywood,"Gatonby   Hill, 6931"
614,Global Logistics Supervisor,Carina_Rosenbloom4425@bretoux.com,Carina Rosenbloom,Arizona,Salt Lake City,"Arundel   Drive, 1369"
615,Baker,Nicholas_Healy5934@eirey.tech,Nicholas Healy,New Mexico,Tokyo,"Armory  Tunnel, 1580"
616,Insurance Broker,Lillian_Burnley9754@hourpy.biz,Lillian Burnley,South Dakota,Rome,"Baynes  Rue, 4854"
617,Baker,Erick_Stark7026@twipet.com,Erick Stark,Tennessee,Arlington,"Cleaver Way, 3759"
618,Bellman,Cedrick_King367@naiker.biz,Cedrick King,Utah,Tulsa,"Armory  Rue, 4365"
619,Staffing Consultant,Anthony_Bryson7681@acrit.org,Anthony Bryson,Indiana,Berna,"Canon Hill, 4458"
620,Designer,Melania_Jobson227@grannar.com,Melania Jobson,California,Valetta,"Dyott   Drive, 5160"
621,Retail Trainee,Nathan_Gonzales4681@typill.biz,Nathan Gonzales,Alabama,Nashville,"South Crossroad, 7849"
622,Dentist,Mara_Gardner5507@cispeto.com,Mara Gardner,Iowa,Detroit,"Howard Way, 7924"
623,Auditor,Fred_Rosenbloom572@sheye.org,Fred Rosenbloom,Colorado,Madrid,"Thorndike   Vale, 4630"
624,Production Painter,Matthew_Moran9922@zorer.org,Matthew Moran,Tennessee,Worcester,"Marina  Pass, 5990"
625,Chef Manager,Michaela_Newman4030@fuliss.net,Michaela Newman,Tennessee,Salt Lake City,"Thrale   Vale, 8868"
626,Business Broker,Chris_Russell9040@bauros.biz,Chris Russell,Arkansas,Sacramento,"Abbotswell  Route, 6635"
627,Cash Manager,Fred_Vollans7873@womeona.net,Fred Vollans,Vermont,Albuquerque,"Boldero   Lane, 654"
628,Clerk,Jayden_Powell3950@gmail.com,Jayden Powell,Colorado,Moreno Valley,"Buttonwood Route, 3281"
629,Cook,Catherine_Morrow9316@infotech44.tech,Catherine Morrow,Alabama,Chicago,"Oxford Tunnel, 1933"
630,Fabricator,Rosie_Shea5303@gembat.biz,Rosie Shea,Missouri,Pittsburgh,"Bagford   Crossroad, 9558"
631,Production Painter,Daniel_Hall2095@acrit.org,Daniel Hall,Kentucky,Lyon,"Linda   Alley, 2786"
632,Ambulatory Nurse,Camden_Snow5081@mafthy.com,Camden Snow,New Mexico,Minneapolis,"Bermondsey    Lane, 8035"
633,HR Coordinator,Tony_Rogan4439@qater.org,Tony Rogan,Indiana,Bridgeport,"Chatfield  Crossroad, 4544"
634,Staffing Consultant,Bart_Becker1536@sheye.org,Bart Becker,Georgia,Houston,"Dutton   Hill, 1209"
635,Web Developer,Laila_Oakley3014@deavo.com,Laila Oakley,Wisconsin,Innsbruck,"Garfield Alley, 629"
636,Cash Manager,Kate_Matthews944@bulaffy.com,Kate Matthews,Oklahoma,Worcester,"Rivervalley Grove, 4084"
637,IT Support Staff,Johnathan_Mason1432@kideod.biz,Johnathan Mason,New Jersey,Hayward,"Jackson Crossroad, 2512"
638,Webmaster,Tom_Brooks6866@womeona.net,Tom Brooks,Kentucky,Fort Lauderdale,"Coalecroft  Rue, 3585"
639,Healthcare Specialist,Raquel_Stone 5120@nickia.com,Raquel Stone ,Tennessee,Lakewood,"Dunstans  Avenue, 6937"
640,Electrician,Boris_Lindsay1148@gompie.com,Boris Lindsay,North Dakota,San Diego,"Bel   Alley, 1975"
641,Business Broker,Rufus_Rixon1659@gembat.biz,Rufus Rixon,Pennsylvania,San Bernardino,"Cingworth  Road, 7079"
642,Clerk,Tyson_Ellwood7938@bungar.biz,Tyson Ellwood,Rhode Island,Kansas City,"Black Friars   Grove, 7608"
643,Cook,Alessandra_Gilbert6290@elnee.tech,Alessandra Gilbert,California,Wien,"Spruce Boulevard, 2802"
644,Cashier,Owen_Walton8201@cispeto.com,Owen Walton,Vermont,Rome,"Caroline  Hill, 6727"
645,Mobile Developer,Daphne_Olivier6775@sheye.org,Daphne Olivier,California,Rome,"Oxford Lane, 7818"
646,Production Painter,Ramon_Overson9724@mafthy.com,Ramon Overson,Hawaii,Otawa,"Apsley    Vale, 3593"
647,HR Coordinator,Percy_Baxter9544@sveldo.biz,Percy Baxter,Wisconsin,Santa Ana,"Caldwell   Walk, 1991"
648,Associate Professor,Boris_Rodgers9965@bauros.biz,Boris Rodgers,Illinois,Charlotte,"Bletchley   Street, 3428"
649,Steward,Sabrina_Hobson3961@womeona.net,Sabrina Hobson,Mississippi,Lancaster,"Monroe Rue, 5060"
650,Electrician,Alessandra_Rogers8848@typill.biz,Alessandra Rogers,Connecticut,Lyon,"Coleman  Boulevard, 9610"
651,Systems Administrator,Matthew_Knight9410@mafthy.com,Matthew Knight,Wyoming,Nashville,"Callcott   Crossroad, 1662"
652,Food Technologist,Gabriel_Holmes1032@deavo.com,Gabriel Holmes,North Carolina,Norfolk,"Kinglake  Lane, 5046"
653,Accountant,Moira_Gunn4835@zorer.org,Moira Gunn,Idaho,El Paso,"Blackwall  Crossroad, 146"
654,Steward,Maia_Terry7033@mafthy.com,Maia Terry,Utah,Indianapolis,"Hammersmith  Pass, 6615"
655,Fabricator,Monica_Knight1256@deavo.com,Monica Knight,Delaware,Lisbon,"Anns  Boulevard, 368"
656,Physician,Luke_Sherry1791@sveldo.biz,Luke Sherry,Maine,Prague,"Cavell   Hill, 3347"
657,Pharmacist,Eduardo_Freeburn9943@fuliss.net,Eduardo Freeburn,Vermont,Houston,"Parkgate  Boulevard, 7596"
658,Clerk,Celia_Edwards9916@brety.org,Celia Edwards,Alaska,Omaha,"Babmaes    Grove, 6843"
659,Lecturer,Abdul_Powell720@joiniaa.com,Abdul Powell,Missouri,Henderson,"Chart   Rue, 1262"
660,Call Center Representative,Rebecca_Robinson6094@brety.org,Rebecca Robinson,Maine,Anaheim,"Carolina  Walk, 6950"
661,Stockbroker,Alexander_Oliver6926@sveldo.biz,Alexander Oliver,Idaho,Honolulu,"Parkfield  Tunnel, 8843"
662,Restaurant Manager,Nate_Davies2999@bungar.biz,Nate Davies,North Carolina,Bridgeport,"Monroe Avenue, 806"
663,Restaurant Manager,John_Ainsworth4317@twace.org,John Ainsworth,Minnesota,Jersey City,"Emden   Crossroad, 9160"
664,Operator,Tom_Norris3545@deavo.com,Tom Norris,North Carolina,Tulsa,"Aberavon  Vale, 8762"
665,Treasurer,Ally_Jennson8617@elnee.tech,Ally Jennson,New Hampshire,Fremont,"North Boulevard, 1890"
666,Cash Manager,Ron_Wills4258@nimogy.biz,Ron Wills,New Mexico,Houston,"Baltic  Hill, 545"
667,Banker,Rufus_Pond4418@mafthy.com,Rufus Pond,Arizona,Sacramento,"Gathorne   Hill, 9047"
668,Biologist,Sadie_Bennett2180@jiman.org,Sadie Bennett,South Carolina,Lakewood,"Oxford Crossroad, 5868"
669,Designer,Caitlyn_Butler9124@twipet.com,Caitlyn Butler,Maine,Bakersfield,"Elizabeth  Lane, 2908"
670,Auditor,Livia_Connor613@infotech44.tech,Livia Connor,Louisiana,Zurich,"Bloomsbury  Grove, 6232"
671,Call Center Representative,Robyn_Mcgee2236@irrepsy.com,Robyn Mcgee,Kansas,Lincoln,"Charnwood   Hill, 1941"
672,Loan Officer,Johnny_Jordan2585@nickia.com,Johnny Jordan,North Carolina,Zurich,"Camera  Route, 9820"
673,Restaurant Manager,George_Glynn5091@gembat.biz,George Glynn,Kentucky,Toledo,"Chesterfield  Hill, 1512"
674,Chef Manager,Janelle_Tailor9314@dionrab.com,Janelle Tailor,Nebraska,Berlin,"Bell    Hill, 7419"
675,Lecturer,Hank_Richards9136@deavo.com,Hank Richards,Minnesota,San Francisco,"Boleyn  Way, 2353"
676,Healthcare Specialist,Vicky_Bright1368@ovock.tech,Vicky Bright,North Carolina,Nashville,"Vincent  Crossroad, 6452"
677,Mobile Developer,Noah_Seymour1200@brety.org,Noah Seymour,Hawaii,Oklahoma City,"Queen Tunnel, 4365"
678,Paramedic,Maggie_Umney1276@twipet.com,Maggie Umney,Rhode Island,Las Vegas,"Cato   Way, 5148"
679,Call Center Representative,Jenna_Parr5049@bungar.biz,Jenna Parr,Alabama,Charlotte,"Cecilia  Tunnel, 8802"
680,Health Educator,Catherine_John7762@mafthy.com,Catherine John,Illinois,Berna,"Bocking   Pass, 9737"
681,Software Engineer,Gabriel_Allcott2329@hourpy.biz,Gabriel Allcott,New Jersey,St. Louis,"Calshot   Hill, 561"
682,Baker,Rosemary_Goodman8731@liret.org,Rosemary Goodman,North Carolina,Fremont,"Bliss  Grove, 1833"
683,Doctor,Scarlett_Brennan6543@cispeto.com,Scarlett Brennan,Vermont,Scottsdale,"Gatonby   Vale, 7703"
684,Cashier,Gil_Ventura475@nimogy.biz,Gil Ventura,Oregon,Salem,"Rosewood Lane, 3439"
685,Insurance Broker,Brad_Eagle3661@brety.org,Brad Eagle,California,Berna,"Rail Walk, 5215"
686,Loan Officer,Hayden_Umney9731@nanoff.biz,Hayden Umney,Kansas,Honolulu,"Fawn Rue, 9128"
687,Web Developer,Doug_Watt6485@tonsy.org,Doug Watt,Iowa,Scottsdale,"Thrale   Drive, 2588"
688,Software Engineer,Hailey_Mitchell4474@atink.com,Hailey Mitchell,New Jersey,Indianapolis,"Udall   Boulevard, 9931"
689,Fabricator,Tony_Poole1437@brety.org,Tony Poole,Alabama,Lincoln,"Geary   Street, 6924"
690,Paramedic,Gil_Rees189@dionrab.com,Gil Rees,Ohio,Richmond,"Fieldstone Road, 5751"
691,Cook,Elena_Huggins9771@brety.org,Elena Huggins,Connecticut,Kansas City,"Sundown Street, 5815"
692,Cook,Skylar_Moss2140@famism.biz,Skylar Moss,Idaho,Reno,"Castlereagh   Boulevard, 812"
693,CNC Operator,Daniel_Brooks2046@twace.org,Daniel Brooks,West Virginia,Madison,"Cleaver Alley, 9528"
694,Associate Professor,Oliver_Smith334@bauros.biz,Oliver Smith,California,Lyon,"Marischal  Crossroad, 4773"
695,Food Technologist,Bob_Overson8077@zorer.org,Bob Overson,Nevada,Scottsdale,"Cavendish Route, 2450"
696,Stockbroker,Cara_Harrison490@womeona.net,Cara Harrison,Nevada,Saint Paul,"Woodland Lane, 4754"
697,Audiologist,Keira_Neal9190@fuliss.net,Keira Neal,Nebraska,Worcester,"Beatty  Lane, 2168"
698,HR Coordinator,Eduardo_James7803@ubusive.com,Eduardo James,Texas,San Diego,"Paris   Way, 5990"
699,Chef Manager,Enoch_Vass8407@nimogy.biz,Enoch Vass,West Virginia,Stockton,"Chancellor  Road, 5452"
700,Project Manager,Dasha_Tanner2003@ovock.tech,Dasha Tanner,Nevada,Moreno Valley,"Caxton  Rue, 3293"
701,Production Painter,Brad_Page 6551@bauros.biz,Brad Page ,Montana,Detroit,"Arthur  Street, 8789"
702,Production Painter,Elena_Whatson7826@nanoff.biz,Elena Whatson,Minnesota,Fullerton,"Viscount   Alley, 1932"
703,Healthcare Specialist,Leslie_Dyson9276@twace.org,Leslie Dyson,Mississippi,Bridgeport,"Sherwood  Rue, 9143"
704,Stockbroker,Gwenyth_Jones5820@famism.biz,Gwenyth Jones,Alabama,Rome,"Elia   Pass, 3142"
705,Assistant Buyer,Jamie_Notman3654@nanoff.biz,Jamie Notman,Texas,Fremont,"York Vale, 2358"
706,Loan Officer,Ramon_Judd3505@typill.biz,Ramon Judd,Florida,Tokyo,"Cobden  Tunnel, 2183"
707,Steward,Nicholas_Lane9103@mafthy.com,Nicholas Lane,Arkansas,Toledo,"Dutton   Vale, 4563"
708,Mobile Developer,Hank_Allwood2159@bauros.biz,Hank Allwood,Tennessee,New York,"Lincoln Rue, 7865"
709,Chef Manager,Megan_Mould2112@nimogy.biz,Megan Mould,Oregon,Wien,"Cingworth  Alley, 277"
710,Healthcare Specialist,Christine_Bentley6960@eirey.tech,Christine Bentley,California,Tulsa,"Queen Alley, 1175"
711,Budget Analyst,Ivette_Nicholls5324@vetan.org,Ivette Nicholls,South Carolina,Valetta,"Thrale   Drive, 5359"
712,Treasurer,Leslie_Kaur200@gmail.com,Leslie Kaur,Illinois,Milwaukee,"Becher  Street, 3614"
713,Project Manager,Irene_Lynn8146@famism.biz,Irene Lynn,Illinois,Moreno Valley,"Tiptree   Walk, 6875"
714,Physician,Ron_Allcott221@atink.com,Ron Allcott,New Mexico,Zurich,"English   Route, 570"
715,Call Center Representative,Rae_Lomax2643@liret.org,Rae Lomax,Maryland,Denver,"Mariner   Vale, 9283"
716,Doctor,Domenic_Stevenson1117@naiker.biz,Domenic Stevenson,Colorado,Lisbon,"Bond Street, 7464"
717,Software Engineer,Lillian_Oakley5620@acrit.org,Lillian Oakley,Washington,Worcester,"Canning  Rue, 35"
718,Pharmacist,Leroy_Whatson3007@naiker.biz,Leroy Whatson,California,Norfolk,"Clere  Lane, 5533"
719,HR Coordinator,Hope_Russell7333@famism.biz,Hope Russell,South Dakota,Oakland,"Blake  Route, 8590"
720,Executive Director,Helen_Steer5066@nickia.com,Helen Steer,Indiana,Berlin,"Arthur  Avenue, 2612"
721,Banker,Nate_Rodgers2765@corti.com,Nate Rodgers,Alaska,Philadelphia,"Canon Hill, 8200"
722,Chef Manager,Maya_Ellis5015@vetan.org,Maya Ellis,Kansas,New York,"Chester      Vale, 6314"
723,Stockbroker,Benny_Rowan2009@twipet.com,Benny Rowan,New York,Tulsa,"Linda   Way, 292"
724,Cash Manager,Michelle_Clifton7020@sheye.org,Michelle Clifton,Kansas,Detroit,"Earl Rise Route, 2850"
725,Cash Manager,Evie_Purvis1970@nanoff.biz,Evie Purvis,Mississippi,Cincinnati,"Anns  Way, 954"
726,Cook,Cassidy_Edmonds3756@twipet.com,Cassidy Edmonds,Idaho,London,"Abbotswell  Crossroad, 1819"
727,Audiologist,Alan_Clarke7822@bulaffy.com,Alan Clarke,Vermont,Cincinnati,"Bishop   Hill, 2727"
728,Health Educator,Quinn_Brown6316@deons.tech,Quinn Brown,Maine,Prague,"Wake  Tunnel, 4105"
729,Design Engineer,Ellen_Watson2362@supunk.biz,Ellen Watson,Oklahoma,Tallahassee,"Balfe   Lane, 4203"
730,Loan Officer,Ally_Yoman3888@supunk.biz,Ally Yoman,Oklahoma,Nashville,"Cardinal Hill, 5652"
731,Ambulatory Nurse,David_Larsen9892@muall.tech,David Larsen,Florida,Wien,"Betton  Lane, 9251"
732,Clerk,Jackeline_Wilcox5798@nimogy.biz,Jackeline Wilcox,Connecticut,Portland,"Bermondsey    Tunnel, 3793"
733,Designer,Callie_Phillips2950@deavo.com,Callie Phillips,Hawaii,San Bernardino,"Bendall   Way, 8491"
734,Software Engineer,Logan_Lewis411@joiniaa.com,Logan Lewis,Virginia,Baltimore,"Balham   Vale, 5377"
735,CNC Operator,Aiden_Weatcroft5568@typill.biz,Aiden Weatcroft,Utah,Garland,"Woodland Walk, 2909"
736,Electrician,Carter_Hobson6683@acrit.org,Carter Hobson,Maryland,Fort Lauderdale,"Apsley    Street, 3271"
737,Investment  Advisor,Wade_Collis4822@muall.tech,Wade Collis,West Virginia,Worcester,"Elia   Alley, 2085"
738,Paramedic,Sylvia_Ingram8472@atink.com,Sylvia Ingram,Minnesota,Bridgeport,"Durnford  Pass, 649"
739,Front Desk Coordinator,Bethany_Furnell1903@brety.org,Bethany Furnell,Oklahoma,Lisbon,"Rivervalley Boulevard, 3261"
740,Service Supervisor,Vanessa_Boden3115@ubusive.com,Vanessa Boden,Idaho,Phoenix,"Balfe   Walk, 2095"
741,Staffing Consultant,Robyn_Reading8386@cispeto.com,Robyn Reading,Tennessee,Quebec,"Bede  Crossroad, 5632"
742,Associate Professor,Hayden_Pratt3071@kideod.biz,Hayden Pratt,Alabama,Pittsburgh,"Sherwood  Road, 9045"
743,HR Coordinator,Cassidy_Varley6260@hourpy.biz,Cassidy Varley,Mississippi,Toledo,"Calderwood   Avenue, 2546"
744,Investment  Advisor,Luke_Robertson7154@guentu.biz,Luke Robertson,New Hampshire,San Jose,"Coborn  Alley, 4947"
745,Treasurer,Priscilla_Gilmore9787@fuliss.net,Priscilla Gilmore,Missouri,Baltimore,"Queen Crossroad, 1895"
746,Call Center Representative,Marvin_Ward2362@guentu.biz,Marvin Ward,Louisiana,Kansas City,"Arctic   Vale, 557"
747,Audiologist,Oliver_Camden1773@brety.org,Oliver Camden,Ohio,Nashville,"Sheffield Drive, 8175"
748,Staffing Consultant,Tess_Reid2715@qater.org,Tess Reid,Louisiana,Las Vegas,"Fairholt   Lane, 3907"
749,Dentist,Amy_Willis7565@nickia.com,Amy Willis,New York,Columbus,"College  Drive, 3673"
750,Bellman,Angelica_Kennedy625@hourpy.biz,Angelica Kennedy,New Hampshire,Hayward,"Balfe   Boulevard, 2253"
751,Cash Manager,Carla_Brennan6156@vetan.org,Carla Brennan,Massachussets,Louisville,"Wakley   Street, 1147"
752,Treasurer,Marjorie_Armstrong1935@infotech44.tech,Marjorie Armstrong,Maine,Hayward,"Blackpool  Alley, 8622"
753,Laboratory Technician,Ron_Lloyd5172@naiker.biz,Ron Lloyd,Massachussets,Saint Paul,"Antrobus   Rue, 757"
754,Assistant Buyer,Claire_Jackson4974@famism.biz,Claire Jackson,Oklahoma,Sacramento,"Elgood   Walk, 1447"
755,Biologist,Boris_Kelly9177@muall.tech,Boris Kelly,Vermont,Oklahoma City,"Monroe Route, 1127"
756,Cash Manager,Bob_Rogers5414@deons.tech,Bob Rogers,California,Madison,"Walnut Vale, 4287"
757,Chef Manager,Harvey_Adler8705@corti.com,Harvey Adler,Arizona,Amarillo,"Arthur  Rue, 679"
758,Paramedic,Bart_Keys2860@zorer.org,Bart Keys,Iowa,Rochester,"Clifton  Tunnel, 7083"
759,Web Developer,Hank_Whinter9107@cispeto.com,Hank Whinter,Louisiana,Oklahoma City,"Boleyn  Street, 51"
760,Cashier,Janice_Drew2572@sheye.org,Janice Drew,Hawaii,Innsbruck,"Blake  Alley, 4330"
761,IT Support Staff,Phillip_Ryan1979@typill.biz,Phillip Ryan,Arizona,Laredo,"Durnford  Hill, 1799"
762,Fabricator,Chloe_Reading830@gompie.com,Chloe Reading,Maryland,Richmond,"Bermondsey    Pass, 8433"
763,Pharmacist,Lauren_Pickard8721@vetan.org,Lauren Pickard,Georgia,Arlington,"Camdale  Pass, 6295"
764,Insurance Broker,Boris_Allen3680@bretoux.com,Boris Allen,Ohio,Innsbruck,"Bicknell  Crossroad, 4416"
765,Executive Director,Doris_Baxter7823@nimogy.biz,Doris Baxter,Pennsylvania,Chicago,"Gate   Boulevard, 7132"
766,Production Painter,Rae_May1640@bungar.biz,Rae May,Colorado,Bridgeport,"Angel  Street, 4312"
767,Cash Manager,Hayden_Wallace9485@gembat.biz,Hayden Wallace,New Mexico,Laredo,"Lonsdale  Lane, 9994"
768,Chef Manager,Robyn_Wild793@hourpy.biz,Robyn Wild,Nebraska,Charlotte,"Tisbury  Route, 3295"
769,Restaurant Manager,Carissa_Simpson5629@atink.com,Carissa Simpson,Connecticut,Worcester,"Yoakley Pass, 2152"
770,Assistant Buyer,Josh_Callan402@bauros.biz,Josh Callan,California,Lisbon,"Sheffield Pass, 7805"
771,Retail Trainee,Cara_Holmes3008@qater.org,Cara Holmes,Nebraska,Hayward,"Balham   Route, 313"
772,Restaurant Manager,Hanna_Parker4013@iatim.tech,Hanna Parker,Maine,Fort Lauderdale,"Bliss  Walk, 2674"
773,Doctor,Bryon_Simpson1523@naiker.biz,Bryon Simpson,Arkansas,Jacksonville,"Chart   Street, 5732"
774,Budget Analyst,Karen_Evans8036@qater.org,Karen Evans,Kansas,Moreno Valley,"Kingly  Hill, 8481"
775,Pharmacist,Mya_Ianson4170@acrit.org,Mya Ianson,Wisconsin,Reno,"Cedarne  Walk, 9864"
776,Bellman,Brooklyn_Lynn3183@deavo.com,Brooklyn Lynn,Connecticut,Cincinnati,"Boadicea   Hill, 8044"
777,Systems Administrator,Marvin_Clifton105@hourpy.biz,Marvin Clifton,Florida,Fullerton,"Clavell   Avenue, 7292"
778,Pharmacist,Josephine_Oldfield9338@gmail.com,Josephine Oldfield,Texas,Memphis,"Berriman  Street, 7837"
779,Doctor,Liam_Thompson3830@womeona.net,Liam Thompson,Florida,Cincinnati,"Caroline  Alley, 3173"
780,CNC Operator,Carter_Latham6976@ubusive.com,Carter Latham,South Dakota,Jersey City,"Carltoun   Hill, 5156"
781,Executive Director,Liam_Allen622@sheye.org,Liam Allen,Colorado,Norfolk,"Linden Route, 6137"
782,Chef Manager,Emma_Harvey5494@kideod.biz,Emma Harvey,Massachussets,Chicago,"Andsell    Crossroad, 6159"
783,Executive Director,Mara_Hill8653@nimogy.biz,Mara Hill,Vermont,Scottsdale,"Durweston   Alley, 2067"
784,Biologist,Gwen_Olson2489@irrepsy.com,Gwen Olson,South Carolina,Ontario,"Geary   Drive, 9091"
785,Electrician,Camila_Nobbs8495@naiker.biz,Camila Nobbs,Washington,St. Louis,"Elba  Alley, 6409"
786,Electrician,Maxwell_Allwood7332@bulaffy.com,Maxwell Allwood,Ohio,Omaha,"Hickory   Hill, 5027"
787,Clerk,Sloane_Burnley9651@gembat.biz,Sloane Burnley,Florida,Colorado Springs,"Rivervalley Tunnel, 6685"
788,Loan Officer,Owen_Wilcox7188@hourpy.biz,Owen Wilcox,Tennessee,San Francisco,"Castle Avenue, 1155"
789,Call Center Representative,Shannon_Warner4308@brety.org,Shannon Warner,Louisiana,Salt Lake City,"Catherine  Route, 3778"
790,Clerk,Lindsay_Hobson1752@typill.biz,Lindsay Hobson,Rhode Island,Portland,"Pine Rue, 3824"
791,Clerk,Sasha_Dickson9009@tonsy.org,Sasha Dickson,Minnesota,Huntsville,"Chestnut Rise Drive, 9894"
792,Front Desk Coordinator,Esmeralda_Crawford5731@sheye.org,Esmeralda Crawford,Texas,Hollywood,"Underwood  Street, 3024"
793,Electrician,Gina_Tutton8682@muall.tech,Gina Tutton,Mississippi,Minneapolis,"Cave   Rue, 4342"
794,Accountant,Carter_Robertson2568@hourpy.biz,Carter Robertson,West Virginia,Las Vegas,"Chestnut  Vale, 4193"
795,Production Painter,George_Larsen9943@eirey.tech,George Larsen,Virginia,Fayetteville,"Chart   Route, 1747"
796,Operator,Christy_Drummond9872@bretoux.com,Christy Drummond,New York,Stockton,"Durweston   Street, 2955"
797,Mobile Developer,Bryon_Brennan4431@cispeto.com,Bryon Brennan,Hawaii,Seattle,"Longmoore   Alley, 1557"
798,Health Educator,Julianna_Jones6729@nickia.com,Julianna Jones,Idaho,Bakersfield,"Unwin  Crossroad, 570"
799,Cashier,Miley_Lloyd1460@qater.org,Miley Lloyd,Iowa,Chicago,"Maple Tunnel, 2097"
800,Pharmacist,Matt_Wild7354@typill.biz,Matt Wild,Kentucky,Richmond,"Abbotswell  Road, 848"

